player_ranking,code,name,age,image_url,team_code,team_tv_codes,team_name,team_image_url,games_played,minutes_played,effective_field_goal_percentage,true_shooting_percentage,offensive_rebounds_percentage,defensive_rebounds_percentage,rebounds_percentage,assists_to_turnovers_ratio,assists_ratio,turnovers_ratio,two_point_attempts_ratio,three_point_attempts_ratio,free_throws_rate,possesions
1,011157,Johnathan Motley,31,https://media-cdn.cortextech.io/1dU3kpCqReRp93/1BSdBWIjCjnOS3/94c8ef3f-a59d-44bb-8d91-979ee4e075ec.png,RED,CZV,Crvena Zvezda Meridianbet Belgrade,https://media-cdn.incrowdsports.com/d2eef4a8-62df-4fdd-9076-276004268515.png,1,14.133333333333333,14.3%,14.3%,0%,0%,0%,0.3,13.3%,40%,33.3%,13.3%,0%,15
2,013929,Rj Cole,27,https://media-cdn.cortextech.io/1dU3kpCqReRp93/1BSdBWIjCjnONy/692c8bf5-073e-4893-9597-d5dd163f54a0.png,MIL,MIL,Armani Olimpia Milan,https://media-cdn.cortextech.io/1dU3kpCqReRp93/1BSdBWIjChWbHH/5c2f0ab6-f86a-4df0-b2f3-f9ab92f7267b.png,1,8.216666666666667,0%,0%,0%,0%,0%,0,0%,66.7%,0%,33.3%,0%,3
3,009754,Jordan Loyd,33,https://media-cdn.cortextech.io/1dU3kpCqReRp93/1BSdBWIjCjnONz/e404b8ed-9a3b-480e-8b3f-ce49905188b5.png,IST,EFS,Anadolu Efes Istanbul,https://media-cdn.cortextech.io/1dU3kpCqReRp93/1BSdBWIjCgOCxM/a844756c-a58d-4666-93b8-48f7337bc79d.png,1,21.516666666666666,20%,20%,0%,0%,0%,0,0%,16.7%,50%,33.3%,0%,6
4,014802,Rasheed Bello,23,https://media-cdn.cortextech.io/1dU3kpCqReRp93/1BSdBWIjCjnONz/0cd10838-d234-40a2-869f-c7edb73fbe8b.png,VIR,VIR,Virtus Bologna,https://media-cdn.cortextech.io/1dU3kpCqReRp93/1BSdBWIjCiezvk/a92d4c3b-9f9c-4163-8a10-bcf8fc15893e.png,1,12.716666666666667,33.3%,33.3%,0%,8.7%,4.1%,0,0%,25%,50%,25%,0%,12
4,010391,Nick Weiler-Babb,31,https://media-cdn.cortextech.io/1dU3kpCqReRp93/1BSdBWIjCjnOS3/0954bf55-4ff8-4a05-986c-2e60f628276d.png,RED,CZV,Crvena Zvezda Meridianbet Belgrade,https://media-cdn.incrowdsports.com/d2eef4a8-62df-4fdd-9076-276004268515.png,1,21.266666666666666,0%,0%,3.9%,10.2%,6.6%,0.8,27.3%,36.4%,27.3%,9.1%,0%,11
6,007990,John Dibartolomeo,35,https://media-cdn.cortextech.io/1dU3kpCqReRp93/1BSdBWIjCjnOO0/fa17418f-980a-46d6-a5f3-ebd69bebb92d.png,TEL,MTA,Maccabi Rapyd Tel Aviv,https://media-cdn.cortextech.io/1b533342-78f5-4932-b714-a7d80b5826b5.png,1,7.566666666666666,0%,0%,0%,0%,0%,0,0%,50%,0%,50%,0%,2
6,014785,Daquan Jeffries,29,https://media-cdn.cortextech.io/1dU3kpCqReRp93/1BSdBWIjCjnONy/5ac70ca2-f381-409d-9e82-71b78112a0d2.png,BES,BJK,Besiktas Istanbul,https://media-cdn.cortextech.io/1dU3kpCqReRp93/1BSdBWIjChWbHH/b05e3c54-e672-4b31-9f86-c91e9de7715c.png,1,5.45,0%,0%,0%,0%,0%,1,33.3%,33.3%,0%,33.3%,0%,3
6,010781,Iffe Lundberg,32,https://media-cdn.cortextech.io/1dU3kpCqReRp93/1BSdBWIjCjnOS3/63defe93-90f3-4b5d-a197-23a4401c4d63.png,TEL,MTA,Maccabi Rapyd Tel Aviv,https://media-cdn.cortextech.io/1b533342-78f5-4932-b714-a7d80b5826b5.png,1,22.083333333333332,25%,36.3%,5.5%,5.3%,5.4%,1,18.4%,18.4%,27.6%,27.6%,33.3%,10.9
6,010431,Jeremy Morgan,31,https://media-cdn.cortextech.io/1dU3kpCqReRp93/1BSdBWIjCjnONz/86b88bde-0eb8-434c-97c5-1c343473963d.png,PRS,PBB,Paris Basketball,https://media-cdn.incrowdsports.com/a033e5b3-0de7-48a3-98d9-d9a4b9df1f39.png,1,11.666666666666666,0%,0%,8.4%,0%,4.5%,0,0%,0%,0%,100%,0%,3
6,015085,Keaton Wallace,27,https://media-cdn.cortextech.io/1dU3kpCqReRp93/1BSdBWIjCjnOS3/e02ac33d-71ab-48ad-a3f9-b80df4096093.png,TEL,MTA,Maccabi Rapyd Tel Aviv,https://media-cdn.cortextech.io/1b533342-78f5-4932-b714-a7d80b5826b5.png,1,12.233333333333333,25%,25%,0%,19.2%,9.8%,0,0%,33.3%,33.3%,33.3%,0%,6
6,015165,Tremont Waters,28,https://media-cdn.cortextech.io/1dU3kpCqReRp93/1BSdBWIjCjnOS3/d6e1e61f-236c-478e-920b-0df1f3779bbb.png,ASV,ASV,LDLC ASVEL Villeurbanne,https://media-cdn.incrowdsports.com/e33c6d1a-95ca-4dbc-b8cb-0201812104cc.png,1,15.616666666666667,14.3%,14.3%,0%,7.8%,3.8%,1,11.1%,11.1%,22.2%,55.6%,0%,9
12,013269,Myles Cale,27,https://media-cdn.cortextech.io/1dU3kpCqReRp93/1BSdBWIjCjnOS3/f809659a-6ca0-4d54-82db-a19c8e6b33a3.png,ASV,ASV,LDLC ASVEL Villeurbanne,https://media-cdn.incrowdsports.com/e33c6d1a-95ca-4dbc-b8cb-0201812104cc.png,1,9.05,0%,0%,0%,13.4%,6.6%,1,20%,20%,20%,40%,0%,5
12,009005,Gabriel Deck,31,https://media-cdn.cortextech.io/1dU3kpCqReRp93/1BSdBWIjCjnONy/4f3c13be-3d8d-4479-a430-26600d2aaf76.png,MAD,RMB,Real Madrid,https://media-cdn.incrowdsports.com/371b0d9b-9250-4c09-bda7-0686cf024657.png,1,16.5,0%,0%,0%,6.2%,3.2%,0,0%,33.3%,0%,66.7%,0%,3
12,012403,Mouhamed Faye,21,https://media-cdn.cortextech.io/1dU3kpCqReRp93/1BSdBWIjCjnONz/2a94cfc5-db7e-4018-9c6f-b9ee436dd7b4.png,PRS,PBB,Paris Basketball,https://media-cdn.incrowdsports.com/a033e5b3-0de7-48a3-98d9-d9a4b9df1f39.png,1,7.6,0%,0%,12.8%,15%,13.9%,0,100%,0%,0%,0%,0%,1
12,014316,Cory Joseph,35,https://media-cdn.cortextech.io/1dU3kpCqReRp93/1BSdBWIjCjnONy/66bfdaf4-af45-4710-8bc9-dbd02e88f505.png,OLY,OLY,Olympiacos Piraeus,https://media-cdn.incrowdsports.com/789423ac-3cdf-4b89-b11c-b458aa5f59a6.png,1,15.316666666666666,50%,50%,0%,0%,0%,0,0%,0%,50%,50%,0%,2
12,015138,Tyrese Martin,27,https://media-cdn.cortextech.io/1dU3kpCqReRp93/1BSdBWIjCjnONz/df36712f-78ef-48d7-b1b8-a28fab2554ba.png,BAR,BAR,FC Barcelona,https://media-cdn.incrowdsports.com/35dfa503-e417-481f-963a-bdf6f013763e.png,1,17.566666666666666,25%,25%,6.9%,14.7%,10.7%,0.7,18.2%,27.3%,18.2%,36.4%,0%,11
12,012700,Dj Stewart,27,https://media-cdn.cortextech.io/1dU3kpCqReRp93/1BSdBWIjCjnONy/3227ae52-09cc-4723-a410-4cc76c99a30b.png,BAS,KBA,Baskonia Vitoria-Gasteiz,https://media-cdn.cortextech.io/cbc49cb0-99ce-4462-bdb7-56983ee03cf4.png,1,25.733333333333334,30.8%,30.8%,0%,5.6%,2%,0,0%,0%,38.5%,61.5%,0%,13
12,008855,Thomas Walkup,34,https://media-cdn.cortextech.io/1dU3kpCqReRp93/1BSdBWIjCjnONy/6b597c1d-5917-47f4-84ea-e4a857dc4555.png,DUB,DUB,Dubai Basketball,https://media-cdn.incrowdsports.com/1efae090-16e2-4963-ae47-4b94f249c244.png,1,15.716666666666667,50%,50%,0%,0%,0%,0,0%,28.6%,28.6%,42.9%,0%,7
19,003733,Alberto Abalde,31,https://media-cdn.cortextech.io/1dU3kpCqReRp93/1BSdBWIjCjnONy/f3b04ef8-b127-48a1-9be5-466f7729240c.png,MAD,RMB,Real Madrid,https://media-cdn.incrowdsports.com/371b0d9b-9250-4c09-bda7-0686cf024657.png,1,14.766666666666667,30%,30%,0%,0%,0%,0,16.7%,0%,50%,33.3%,0%,6
19,004007,Ognjen Dobric,32,https://media-cdn.cortextech.io/1dU3kpCqReRp93/1BSdBWIjCjnONz/88d6f616-1540-408a-828b-6c2754d939f6.png,RED,CZV,Crvena Zvezda Meridianbet Belgrade,https://media-cdn.incrowdsports.com/d2eef4a8-62df-4fdd-9076-276004268515.png,1,4.75,0%,0%,17.5%,0%,9.9%,0,0%,0%,0%,100%,0%,1
19,005670,Diego Flaccadori,30,https://media-cdn.cortextech.io/1dU3kpCqReRp93/1BSdBWIjCjnONy/455cdd44-0e90-4237-8ed5-4a439089a24f.png,MIL,MIL,Armani Olimpia Milan,https://media-cdn.cortextech.io/1dU3kpCqReRp93/1BSdBWIjChWbHH/5c2f0ab6-f86a-4df0-b2f3-f9ab92f7267b.png,1,3.3666666666666667,0%,0%,0%,0%,0%,0,0%,100%,0%,0%,0%,1
19,009513,Justus Hollatz,25,https://media-cdn.cortextech.io/1dU3kpCqReRp93/1BSdBWIjCjnONy/d62edd43-6a87-4c93-91a1-341ce3a104c6.png,MUN,BAY,FC Bayern Munich,https://media-cdn.incrowdsports.com/817b0e58-d595-4b09-ab0b-1e7cc26249ff.png,1,9.933333333333334,25%,25%,0%,0%,0%,0,42.9%,0%,28.6%,28.6%,0%,7
19,014107,Stefan Joksimovic,18,https://media-cdn.cortextech.io/1dU3kpCqReRp93/1BSdBWIjCjnONy/0a550a35-2888-4a7a-8a0a-52ce8859b34b.png,BAS,KBA,Baskonia Vitoria-Gasteiz,https://media-cdn.cortextech.io/cbc49cb0-99ce-4462-bdb7-56983ee03cf4.png,1,9.066666666666666,0%,0%,0%,0%,0%,1,37.5%,37.5%,12.5%,12.5%,0%,8
19,012618,Bodian Massa,29,https://media-cdn.cortextech.io/1dU3kpCqReRp93/1BSdBWIjCjnOS3/4f3bb25d-b835-4e0e-9159-8c1635c4ce2a.png,ASV,ASV,LDLC ASVEL Villeurbanne,https://media-cdn.incrowdsports.com/e33c6d1a-95ca-4dbc-b8cb-0201812104cc.png,1,14.316666666666666,0%,0%,0%,8.5%,4.2%,0,0%,100%,0%,0%,0%,1
19,014094,Stefan Miljenovic,25,https://media-cdn.cortextech.io/1dU3kpCqReRp93/1BSdBWIjCjnONz/8138f3db-604d-4f03-8279-94013721a3d7.png,RED,CZV,Crvena Zvezda Meridianbet Belgrade,https://media-cdn.incrowdsports.com/d2eef4a8-62df-4fdd-9076-276004268515.png,1,0.3333333333333333,0%,0%,0%,0%,0%,0,0%,0%,0%,0%,0%,0
19,014731,Davion Mintz,28,https://media-cdn.cortextech.io/1dU3kpCqReRp93/1BSdBWIjCjnONy/0fba911a-e753-4cb6-93d4-cf62eacc203b.png,DUB,DUB,Dubai Basketball,https://media-cdn.incrowdsports.com/1efae090-16e2-4963-ae47-4b94f249c244.png,1,9.783333333333333,30%,30%,10.5%,0%,5.5%,0,0%,16.7%,16.7%,66.7%,0%,6
19,014742,Ethan Thompson,27,https://media-cdn.cortextech.io/1dU3kpCqReRp93/1BSdBWIjCjnONz/2fadad36-f7fa-4856-92c2-60493c034f06.png,PAR,PAR,Partizan Mozzart Bet Belgrade,https://media-cdn.incrowdsports.com/2681304e-77dd-4331-88b1-683078c0fb49.png,1,11.6,50%,50%,11.5%,0%,5.9%,0,0%,16.7%,33.3%,50%,0%,6
28,008186,Marek Blazevic,25,https://media-cdn.cortextech.io/1dU3kpCqReRp93/1BSdBWIjCjnONz/656d0f39-73fb-44a9-8890-1284d8d8489d.png,ZAL,ZAL,Zalgiris Kaunas,https://media-cdn.incrowdsports.com/0aa09358-3847-4c4e-b228-3582ee4e536d.png,1,12.983333333333333,50%,51.2%,0%,12.8%,7.2%,0,0%,38.1%,50.8%,0%,50%,7.9
28,014782,Jason Burnell,29,https://media-cdn.cortextech.io/1dU3kpCqReRp93/1BSdBWIjCjnONy/6fd162c7-1372-4d9e-ad83-f8f0f77816b4.png,MIL,MIL,Armani Olimpia Milan,https://media-cdn.cortextech.io/1dU3kpCqReRp93/1BSdBWIjChWbHH/5c2f0ab6-f86a-4df0-b2f3-f9ab92f7267b.png,1,11.9,50%,50%,0%,11.2%,5.8%,0,25%,0%,25%,50%,0%,4
28,012742,Pj Dozier,30,https://media-cdn.cortextech.io/1dU3kpCqReRp93/1BSdBWIjCjnONz/92da8264-e1f6-434c-9923-a86d51b3affd.png,IST,EFS,Anadolu Efes Istanbul,https://media-cdn.cortextech.io/1dU3kpCqReRp93/1BSdBWIjCgOCxM/a844756c-a58d-4666-93b8-48f7337bc79d.png,1,13.433333333333334,30%,30%,9.6%,18%,14%,0,0%,0%,20%,80%,0%,5
28,014026,Clement Frisch,24,https://media-cdn.cortextech.io/1dU3kpCqReRp93/1BSdBWIjCjnONy/42d1c992-b912-4c98-be0e-eb95d712b204.png,BAS,KBA,Baskonia Vitoria-Gasteiz,https://media-cdn.cortextech.io/cbc49cb0-99ce-4462-bdb7-56983ee03cf4.png,1,1.15,0%,0%,0%,0%,0%,0,0%,0%,0%,0%,0%,0
28,007513,Dovydas Giedraitis,26,https://media-cdn.cortextech.io/1dU3kpCqReRp93/1BSdBWIjCjnONz/767fb622-9a2b-4fae-ad01-39b3c64f046b.png,ZAL,ZAL,Zalgiris Kaunas,https://media-cdn.incrowdsports.com/0aa09358-3847-4c4e-b228-3582ee4e536d.png,1,2.0833333333333335,0%,0%,0%,0%,0%,0,0%,100%,0%,0%,0%,1
28,002328,Marius Grigonis,32,https://media-cdn.cortextech.io/1dU3kpCqReRp93/1BSdBWIjCjnONz/a937d295-3c94-4248-aa82-8a11f7caa809.png,ZAL,ZAL,Zalgiris Kaunas,https://media-cdn.incrowdsports.com/0aa09358-3847-4c4e-b228-3582ee4e536d.png,1,12.35,20%,20%,0%,0%,0%,2,25%,12.5%,50%,12.5%,0%,8
28,007464,Joel Parra,26,https://media-cdn.cortextech.io/1dU3kpCqReRp93/1BSdBWIjCjnONz/9a56a310-cebf-4640-ab91-5c7690d16c51.png,BAR,BAR,FC Barcelona,https://media-cdn.incrowdsports.com/35dfa503-e417-481f-963a-bdf6f013763e.png,1,26.75,25%,25%,0%,9.6%,4.7%,0,23.1%,0%,30.8%,46.2%,0%,13
28,002939,Tomas Satoransky,35,https://media-cdn.cortextech.io/1dU3kpCqReRp93/1BSdBWIjCjnOS3/d69e270c-f55c-4c4f-a3aa-c9dbf4752d3a.png,HTA,HTA,Hapoel Tel Aviv,https://media-cdn.incrowdsports.com/cbb1c3ad-03d5-426a-b5ef-2832a4eee484.png,1,15.916666666666666,0%,0%,0%,15.2%,7.3%,1,33.3%,33.3%,33.3%,0%,0%,3
28,011980,Nathan Sestina,29,https://media-cdn.cortextech.io/1dU3kpCqReRp93/1BSdBWIjCjnOS3/8ba46742-6769-488b-b657-85dce431176d.png,ASV,ASV,LDLC ASVEL Villeurbanne,https://media-cdn.incrowdsports.com/e33c6d1a-95ca-4dbc-b8cb-0201812104cc.png,1,3.3333333333333335,0%,0%,0%,72.7%,35.8%,0,0%,0%,0%,100%,0%,1
28,014220,Chris Silva,30,https://media-cdn.cortextech.io/1dU3kpCqReRp93/1BSdBWIjCjnONy/f0e9c8ca-d866-460f-8135-df73fc689333.png,ULK,FBT,Fenerbahce Istanbul,https://media-cdn.cortextech.io/1dU3kpCqReRp93/1BSdBWIjCiezrk/aa39750a-6203-49ee-a87d-edd0c6f0397d.png,1,6.5,100%,79.8%,17.1%,15%,16%,0,0%,51.5%,25.8%,0%,200%,3.9
38,014015,Armando Bacot Jr.,26,https://media-cdn.cortextech.io/1dU3kpCqReRp93/1BSdBWIjCjnOS3/e4a07b77-6908-4790-b710-7187f9a57537.png,TEL,MTA,Maccabi Rapyd Tel Aviv,https://media-cdn.cortextech.io/1b533342-78f5-4932-b714-a7d80b5826b5.png,1,3.283333333333333,0%,0%,0%,0%,0%,0,100%,0%,0%,0%,0%,1
38,003458,Davis Bertans,34,https://media-cdn.cortextech.io/1dU3kpCqReRp93/1BSdBWIjCjnONy/3a50124b-7e2e-4716-94c8-7e263a45cff5.png,DUB,DUB,Dubai Basketball,https://media-cdn.incrowdsports.com/1efae090-16e2-4963-ae47-4b94f249c244.png,1,10.933333333333334,75%,75%,0%,0%,0%,0,0%,0%,0%,100%,0%,2
38,008985,Leandro Bolmaro,26,https://media-cdn.cortextech.io/1dU3kpCqReRp93/1BSdBWIjCjnONy/407d3664-5298-4677-bba8-fd4b8fee4928.png,MIL,MIL,Armani Olimpia Milan,https://media-cdn.cortextech.io/1dU3kpCqReRp93/1BSdBWIjChWbHH/5c2f0ab6-f86a-4df0-b2f3-f9ab92f7267b.png,1,23.95,0%,12.9%,0%,11.1%,5.8%,2,29.1%,14.5%,43.6%,0%,66.7%,6.9
38,006760,Isaac Bonga,27,https://media-cdn.cortextech.io/1dU3kpCqReRp93/1BSdBWIjCjnONz/7a8c7109-5192-4ff2-aa92-51bbaf656f60.png,PAN,PAO,Panathinaikos AKTOR Athens,https://media-cdn.incrowdsports.com/e3dff28a-9ec6-4faf-9d96-ecbc68f75780.png,1,16.933333333333334,50%,56.3%,6.7%,5.8%,6.2%,0.3,11.8%,35.5%,23.7%,23.7%,25%,8.4
38,014741,Alvaro Cardenas,24,https://media-cdn.cortextech.io/1dU3kpCqReRp93/1BSdBWIjCjnONy/ea62ef7b-de8b-48f2-8965-bb1c97d1cf1e.png,PAM,VBC,Valencia Basket,https://media-cdn.cortextech.io/1dU3kpCqReRp93/1BSdBWIjChWbHL/bc3e00b2-fea4-40be-a7ec-1e633129bde3.png,1,9.65,0%,0%,0%,0%,0%,3,60%,20%,0%,20%,0%,5
38,009783,Bonzie Colson,30,https://media-cdn.cortextech.io/1dU3kpCqReRp93/1BSdBWIjCjnOS3/87d131fa-c5bc-4ad6-806f-b8fcf07dd682.png,TEL,MTA,Maccabi Rapyd Tel Aviv,https://media-cdn.cortextech.io/1b533342-78f5-4932-b714-a7d80b5826b5.png,1,8.783333333333333,0%,0%,0%,13.4%,6.8%,0,0%,0%,0%,100%,0%,1
38,011244,Oscar Da Silva,28,https://media-cdn.cortextech.io/1dU3kpCqReRp93/1BSdBWIjCjnONy/5c62c23d-0581-4667-a77b-52af033153bc.png,MUN,BAY,FC Bayern Munich,https://media-cdn.incrowdsports.com/817b0e58-d595-4b09-ab0b-1e7cc26249ff.png,1,9.216666666666667,0%,0%,0%,0%,0%,0,50%,0%,0%,50%,0%,2
38,001844,Daniel Hackett,39,https://media-cdn.cortextech.io/1dU3kpCqReRp93/1BSdBWIjCjnONz/f3a04739-9830-4126-8c40-d7ac9b7ef187.png,VIR,VIR,Virtus Bologna,https://media-cdn.cortextech.io/1dU3kpCqReRp93/1BSdBWIjCiezvk/a92d4c3b-9f9c-4163-8a10-bcf8fc15893e.png,1,15.083333333333334,0%,0%,6.5%,22.1%,13.8%,1,33.3%,33.3%,0%,33.3%,0%,3
38,011949,Daulton Hommes,30,https://media-cdn.cortextech.io/1dU3kpCqReRp93/1BSdBWIjCjnONz/7a9317da-cdf8-40cb-8098-e6d083d631ac.png,PRS,PBB,Paris Basketball,https://media-cdn.incrowdsports.com/a033e5b3-0de7-48a3-98d9-d9a4b9df1f39.png,1,15.066666666666666,0%,25.8%,6.5%,22.8%,14%,0,0%,34%,34%,17%,66.7%,5.9
38,001288,Vladimir Lucic,37,https://media-cdn.cortextech.io/1dU3kpCqReRp93/1BSdBWIjCjnONy/97200fba-aa27-4309-bc62-88c7a1688fa1.png,MUN,BAY,FC Bayern Munich,https://media-cdn.incrowdsports.com/817b0e58-d595-4b09-ab0b-1e7cc26249ff.png,1,10.566666666666666,0%,0%,0%,10.5%,5.5%,0,50%,0%,50%,0%,0%,2
38,011823,Tai Odiase,31,https://media-cdn.cortextech.io/1dU3kpCqReRp93/1BSdBWIjCjnOS3/8395c88e-47d4-4ef4-b4d7-1a0eef18a4d9.png,HTA,HTA,Hapoel Tel Aviv,https://media-cdn.incrowdsports.com/cbb1c3ad-03d5-426a-b5ef-2832a4eee484.png,1,6.4,0%,0%,0%,18.9%,9.1%,0,0%,100%,0%,0%,0%,1
38,008384,Gabriele Procida,24,https://media-cdn.cortextech.io/1dU3kpCqReRp93/1BSdBWIjCjnONy/a149e5fc-3602-4bfa-a347-d78cfcaf7695.png,MAD,RMB,Real Madrid,https://media-cdn.incrowdsports.com/371b0d9b-9250-4c09-bda7-0686cf024657.png,1,3.7666666666666666,0%,0%,0%,27.2%,14.2%,0,0%,0%,0%,0%,0%,0
38,006643,Josep Puerto,27,https://media-cdn.cortextech.io/1dU3kpCqReRp93/1BSdBWIjCjnONy/d1c5ad9a-5349-4738-a9e3-8f46f48e26ed.png,PAM,VBC,Valencia Basket,https://media-cdn.cortextech.io/1dU3kpCqReRp93/1BSdBWIjChWbHL/bc3e00b2-fea4-40be-a7ec-1e633129bde3.png,1,11.316666666666666,0%,0%,0%,10.7%,5.1%,1,50%,50%,0%,0%,0%,2
38,013381,William Rayman,29,https://media-cdn.cortextech.io/1dU3kpCqReRp93/1BSdBWIjCjnOO0/8d9e8529-db95-4e71-b212-68e2716504f6.png,TEL,MTA,Maccabi Rapyd Tel Aviv,https://media-cdn.cortextech.io/1b533342-78f5-4932-b714-a7d80b5826b5.png,1,10.95,0%,0%,11.1%,0%,5.5%,0,0%,0%,100%,0%,0%,1
52,015029,Trent Frazier,28,https://media-cdn.cortextech.io/1dU3kpCqReRp93/1BSdBWIjCjnONz/b8414f77-acc5-4101-bec2-522b8eca7002.png,VIR,VIR,Virtus Bologna,https://media-cdn.cortextech.io/1dU3kpCqReRp93/1BSdBWIjCiezvk/a92d4c3b-9f9c-4163-8a10-bcf8fc15893e.png,1,17.333333333333332,16.7%,29.1%,0%,12.8%,6%,1,15.2%,15.2%,25.3%,35.4%,33.3%,19.8
52,013900,Both Gach,27,https://media-cdn.cortextech.io/1dU3kpCqReRp93/1BSdBWIjCjnOS3/baa64b06-2320-4ee7-8a5c-2eac569b87c1.png,ASV,ASV,LDLC ASVEL Villeurbanne,https://media-cdn.incrowdsports.com/e33c6d1a-95ca-4dbc-b8cb-0201812104cc.png,1,17.1,62.5%,62.5%,0%,0%,0%,1,16.7%,16.7%,50%,16.7%,0%,6
52,015152,Eugene German,29,https://media-cdn.cortextech.io/1dU3kpCqReRp93/1BSdBWIjCjnOS3/8ff2e8e8-b816-4921-9b41-a26a73eb05eb.png,HTA,HTA,Hapoel Tel Aviv,https://media-cdn.incrowdsports.com/cbb1c3ad-03d5-426a-b5ef-2832a4eee484.png,1,13.316666666666666,57.1%,57.1%,0%,0%,0%,0,0%,12.5%,37.5%,50%,0%,8
52,011209,Panagiotis Kalaitzakis,27,https://media-cdn.cortextech.io/1dU3kpCqReRp93/1BSdBWIjCjnONz/d9142339-64d6-403e-a019-0b74bec5611e.png,PAN,PAO,Panathinaikos AKTOR Athens,https://media-cdn.incrowdsports.com/e3dff28a-9ec6-4faf-9d96-ecbc68f75780.png,1,19.1,30%,30%,6%,10.2%,8.3%,0,28.6%,0%,28.6%,42.9%,0%,7
52,009048,Codi Miller-Mcintyre,32,https://media-cdn.cortextech.io/1dU3kpCqReRp93/1BSdBWIjCjnONy/b98b2f04-52a1-4c10-8f29-396df546162b.png,OLY,OLY,Olympiacos Piraeus,https://media-cdn.incrowdsports.com/789423ac-3cdf-4b89-b11c-b458aa5f59a6.png,1,19.616666666666667,25%,25%,0%,8.5%,5.4%,1.5,42.9%,28.6%,14.3%,14.3%,0%,14
52,012731,Mbaye Ndiaye,27,https://media-cdn.cortextech.io/1dU3kpCqReRp93/1BSdBWIjCjnONy/df9f4f8d-6000-4fe4-a5fe-b463326723c4.png,OLY,OLY,Olympiacos Piraeus,https://media-cdn.incrowdsports.com/789423ac-3cdf-4b89-b11c-b458aa5f59a6.png,1,7.583333333333333,100%,86.2%,0%,0%,0%,0,0%,30.1%,30.1%,0%,300%,3.3
52,014134,Miles Norris,26,https://media-cdn.cortextech.io/1dU3kpCqReRp93/1BSdBWIjCjnONy/d6a2fbe4-7f6f-4b84-824f-f41630898d84.png,MUN,BAY,FC Bayern Munich,https://media-cdn.incrowdsports.com/817b0e58-d595-4b09-ab0b-1e7cc26249ff.png,1,21.866666666666667,50%,50%,11.1%,10.2%,10.6%,0,0%,42.9%,28.6%,28.6%,0%,7
52,010581,Dylan Osetkowski,30,https://media-cdn.cortextech.io/1dU3kpCqReRp93/1BSdBWIjCjnONy/77868a0a-7b7e-4fd9-82a0-fd766388f479.png,PAM,VBC,Valencia Basket,https://media-cdn.cortextech.io/1dU3kpCqReRp93/1BSdBWIjChWbHL/bc3e00b2-fea4-40be-a7ec-1e633129bde3.png,1,17.733333333333334,0%,20.5%,6.3%,27.3%,16.3%,0,0%,0%,41%,41%,50%,2.4
52,013943,Daron Russell,28,https://media-cdn.cortextech.io/1dU3kpCqReRp93/1BSdBWIjCjnONz/bcca0fec-d463-42c1-942e-4d32eaebec50.png,IST,EFS,Anadolu Efes Istanbul,https://media-cdn.cortextech.io/1dU3kpCqReRp93/1BSdBWIjCgOCxM/a844756c-a58d-4666-93b8-48f7337bc79d.png,1,4.95,20%,27.6%,0%,24.5%,12.6%,0,15.5%,0%,62.1%,15.5%,20%,6.4
61,011231,Jaron Blossomgame,33,https://media-cdn.cortextech.io/1dU3kpCqReRp93/1BSdBWIjCjnONy/fd29e0ea-12f6-4c03-947e-3f72b48e0db3.png,DUB,DUB,Dubai Basketball,https://media-cdn.incrowdsports.com/1efae090-16e2-4963-ae47-4b94f249c244.png,1,6.033333333333333,0%,0%,17%,0%,8.8%,0,0%,0%,0%,0%,0%,0
61,009025,Anthony Brown,34,https://media-cdn.cortextech.io/1dU3kpCqReRp93/1BSdBWIjCjnONy/6fadd0a7-fdbd-4e56-9a1c-75ba0c800f3c.png,BES,BJK,Besiktas Istanbul,https://media-cdn.cortextech.io/1dU3kpCqReRp93/1BSdBWIjChWbHH/b05e3c54-e672-4b31-9f86-c91e9de7715c.png,1,24.866666666666667,43.8%,43.8%,4.9%,8.9%,7%,0.5,9.1%,18.2%,27.3%,45.5%,0%,11
61,011305,Tyson Carter,28,https://media-cdn.cortextech.io/1dU3kpCqReRp93/1BSdBWIjCjnONz/d37da46b-3d80-49da-b17f-da29dc096626.png,RED,CZV,Crvena Zvezda Meridianbet Belgrade,https://media-cdn.incrowdsports.com/d2eef4a8-62df-4fdd-9076-276004268515.png,1,16.15,37.5%,37.5%,0%,20.1%,8.7%,0,0%,20%,20%,60%,0%,5
61,011284,Kenneth Faried,37,https://media-cdn.cortextech.io/1dU3kpCqReRp93/1BSdBWIjCjnONy/b0840890-3358-47e0-9672-0ef3c5172b90.png,BAS,KBA,Baskonia Vitoria-Gasteiz,https://media-cdn.cortextech.io/cbc49cb0-99ce-4462-bdb7-56983ee03cf4.png,1,17.366666666666667,40%,42.5%,4.8%,16.5%,9.1%,0,0%,0%,68%,17%,40%,5.9
61,013667,Bruno Fernando,28,https://media-cdn.cortextech.io/1dU3kpCqReRp93/1BSdBWIjCjnONz/fc41fa87-3375-43b6-9a1d-f3778bc9f371.png,IST,EFS,Anadolu Efes Istanbul,https://media-cdn.cortextech.io/1dU3kpCqReRp93/1BSdBWIjCgOCxM/a844756c-a58d-4666-93b8-48f7337bc79d.png,1,17.75,75%,75%,0%,20.5%,10.6%,0,0%,20%,80%,0%,0%,5
61,014219,Francesco Ferrari,21,https://media-cdn.cortextech.io/1dU3kpCqReRp93/1BSdBWIjCjnONz/2c8a51e8-7003-4d2f-909f-208cb763fd00.png,VIR,VIR,Virtus Bologna,https://media-cdn.cortextech.io/1dU3kpCqReRp93/1BSdBWIjCiezvk/a92d4c3b-9f9c-4163-8a10-bcf8fc15893e.png,1,3.966666666666667,100%,100%,24.6%,0%,13.1%,0,0%,0%,100%,0%,0%,1
61,015160,Alize Johnson,30,https://media-cdn.cortextech.io/1dU3kpCqReRp93/1BSdBWIjCjnONz/57f5ff79-5f3f-422a-bc74-9f3eafe1a8a7.png,PRS,PBB,Paris Basketball,https://media-cdn.incrowdsports.com/a033e5b3-0de7-48a3-98d9-d9a4b9df1f39.png,1,14.866666666666667,50%,41%,0%,30.7%,14.2%,0,0%,0%,82%,0%,50%,7.3
61,014738,Bo Klintman,23,https://media-cdn.cortextech.io/1dU3kpCqReRp93/1BSdBWIjCjnONz/d0274316-1129-4094-87d7-1d434e9badd3.png,VIR,VIR,Virtus Bologna,https://media-cdn.cortextech.io/1dU3kpCqReRp93/1BSdBWIjCiezvk/a92d4c3b-9f9c-4163-8a10-bcf8fc15893e.png,1,21,66.7%,66.7%,4.6%,15.9%,9.9%,2,33.3%,16.7%,33.3%,16.7%,0%,6
61,007736,Arijan Lakic,26,https://media-cdn.cortextech.io/1dU3kpCqReRp93/1BSdBWIjCjnONz/2d7f73eb-ff44-4a2a-8e85-7d535077120e.png,PAR,PAR,Partizan Mozzart Bet Belgrade,https://media-cdn.incrowdsports.com/2681304e-77dd-4331-88b1-683078c0fb49.png,1,20.916666666666668,75%,71.7%,0%,6.8%,3.3%,0,0%,17%,0%,68%,50%,5.9
61,003941,Nikola Milutinov,32,https://media-cdn.cortextech.io/1dU3kpCqReRp93/1BSdBWIjCjnONy/8a5ab349-9cac-4572-b214-a99e48788920.png,OLY,OLY,Olympiacos Piraeus,https://media-cdn.incrowdsports.com/789423ac-3cdf-4b89-b11c-b458aa5f59a6.png,1,9.1,0%,113.6%,0%,18.3%,11.6%,0,0%,0%,0%,0%,0%,0.9
61,014115,Omari Moore,26,https://media-cdn.cortextech.io/1dU3kpCqReRp93/1BSdBWIjCjnONy/68732c89-3262-41af-abe0-0798fbb5f77f.png,PAM,VBC,Valencia Basket,https://media-cdn.cortextech.io/1dU3kpCqReRp93/1BSdBWIjChWbHL/bc3e00b2-fea4-40be-a7ec-1e633129bde3.png,1,12.833333333333334,16.7%,16.7%,26%,18.9%,22.6%,0,25%,0%,62.5%,12.5%,0%,8
61,012738,Nathan Reuvers,28,https://media-cdn.cortextech.io/1dU3kpCqReRp93/1BSdBWIjCjnONy/8a3e5dbd-9539-4d4e-96f9-dc0c78f20665.png,PAM,VBC,Valencia Basket,https://media-cdn.cortextech.io/1dU3kpCqReRp93/1BSdBWIjChWbHL/bc3e00b2-fea4-40be-a7ec-1e633129bde3.png,1,21.083333333333332,50%,50%,15.8%,0%,8.2%,0,0%,28.6%,42.9%,28.6%,0%,7
61,001133,Tornike Shengelia,35,https://media-cdn.cortextech.io/1dU3kpCqReRp93/1BSdBWIjCjnONy/4cb07e90-2192-4e12-9b9d-5fb1b565699e.png,DUB,DUB,Dubai Basketball,https://media-cdn.incrowdsports.com/1efae090-16e2-4963-ae47-4b94f249c244.png,1,15.266666666666667,16.7%,25.3%,33.6%,21.8%,27.9%,0,0%,16.8%,50.5%,25.3%,22.2%,11.9
61,011078,Darius Thompson,31,https://media-cdn.cortextech.io/1dU3kpCqReRp93/1BSdBWIjCjnONy/cd27e6f7-5e0b-45ac-a3e9-6f2c60adb886.png,MIL,MIL,Armani Olimpia Milan,https://media-cdn.cortextech.io/1dU3kpCqReRp93/1BSdBWIjChWbHH/5c2f0ab6-f86a-4df0-b2f3-f9ab92f7267b.png,1,21.383333333333333,50%,54.3%,0%,0%,0%,1,19.2%,19.2%,38.3%,19.2%,16.7%,10.4
61,005368,Santi Yusta,29,https://media-cdn.cortextech.io/1dU3kpCqReRp93/1BSdBWIjCjnONz/9bdd2088-7719-4be5-a88d-99d2dc6aaed2.png,IST,EFS,Anadolu Efes Istanbul,https://media-cdn.cortextech.io/1dU3kpCqReRp93/1BSdBWIjCgOCxM/a844756c-a58d-4666-93b8-48f7337bc79d.png,1,8.766666666666667,66.7%,66.7%,29.4%,0%,14.3%,0,0%,0%,100%,0%,0%,3
76,014005,Derrick Alston Jr.,29,https://media-cdn.cortextech.io/1dU3kpCqReRp93/1BSdBWIjCjnONz/3351b25e-52eb-478a-ad83-0e1a659b6337.png,VIR,VIR,Virtus Bologna,https://media-cdn.cortextech.io/1dU3kpCqReRp93/1BSdBWIjCiezvk/a92d4c3b-9f9c-4163-8a10-bcf8fc15893e.png,1,25.883333333333333,50%,50%,0%,8.6%,4%,1,8.3%,8.3%,41.7%,41.7%,0%,12
76,012707,Marcus Carr,27,https://media-cdn.cortextech.io/1dU3kpCqReRp93/1BSdBWIjCjnONz/3c9492d7-56e9-4a4e-9d49-8d6c7c20b2c7.png,VIR,VIR,Virtus Bologna,https://media-cdn.cortextech.io/1dU3kpCqReRp93/1BSdBWIjCiezvk/a92d4c3b-9f9c-4163-8a10-bcf8fc15893e.png,1,20,42.3%,43.2%,0%,0%,0%,2,20.1%,10.1%,45.3%,20.1%,15.4%,19.9
76,011987,Carsen Edwards,28,https://media-cdn.cortextech.io/1dU3kpCqReRp93/1BSdBWIjCjnONz/bbb31a52-7c6a-4536-9039-9899b5c0f4f8.png,ZAL,ZAL,Zalgiris Kaunas,https://media-cdn.incrowdsports.com/0aa09358-3847-4c4e-b228-3582ee4e536d.png,1,15.566666666666666,45.5%,52.8%,0%,0%,0%,0,0%,7.5%,37.5%,45%,27.3%,13.3
76,007032,Maodo Lo,34,https://media-cdn.cortextech.io/1dU3kpCqReRp93/1BSdBWIjCjnONz/b9843075-3b7e-4e22-b4b3-24ab71044c9e.png,ZAL,ZAL,Zalgiris Kaunas,https://media-cdn.incrowdsports.com/0aa09358-3847-4c4e-b228-3582ee4e536d.png,1,11.766666666666667,50%,50%,0%,28.3%,16%,1,33.3%,33.3%,11.1%,22.2%,0%,9
76,015142,Justin Minaya,27,https://media-cdn.cortextech.io/1dU3kpCqReRp93/1BSdBWIjCjnONz/cf6fbd14-c61e-4bb1-bdc6-0f0dd3e6f6e4.png,BAR,BAR,FC Barcelona,https://media-cdn.incrowdsports.com/35dfa503-e417-481f-963a-bdf6f013763e.png,1,13.45,150%,150%,0%,9.6%,4.6%,0,50%,0%,0%,50%,0%,2
76,002968,Sertac Sanli,35,https://media-cdn.cortextech.io/1dU3kpCqReRp93/1BSdBWIjCjnONy/bd7e256f-313e-4f65-a244-a4316810947f.png,ULK,FBT,Fenerbahce Istanbul,https://media-cdn.cortextech.io/1dU3kpCqReRp93/1BSdBWIjCiezrk/aa39750a-6203-49ee-a87d-edd0c6f0397d.png,1,10.016666666666667,50%,64.4%,0%,29.2%,15.6%,0,0%,0%,0%,77.3%,66.7%,3.9
76,006896,Ignas Sargiunas,27,https://media-cdn.cortextech.io/1dU3kpCqReRp93/1BSdBWIjCjnONy/61f0148f-2f1f-4fc2-885c-c26b959001a5.png,ULK,FBT,Fenerbahce Istanbul,https://media-cdn.cortextech.io/1dU3kpCqReRp93/1BSdBWIjCiezrk/aa39750a-6203-49ee-a87d-edd0c6f0397d.png,1,16.316666666666666,50%,61.5%,0%,6%,3.2%,0,0%,17%,34%,34%,50%,5.9
76,013284,Ish Wainright,32,https://media-cdn.cortextech.io/1dU3kpCqReRp93/1BSdBWIjCjnOS3/ffe1d2cd-9843-4d51-8fd6-2eeceac2c7cb.png,HTA,HTA,Hapoel Tel Aviv,https://media-cdn.incrowdsports.com/cbb1c3ad-03d5-426a-b5ef-2832a4eee484.png,1,16.75,20%,20%,13.3%,14.5%,13.8%,0.5,12.5%,25%,37.5%,25%,0%,8
76,013278,Austin Wiley,27,https://media-cdn.cortextech.io/1dU3kpCqReRp93/1BSdBWIjCjnONy/4fc56322-07ca-494a-8604-ac233c35cf4c.png,MUN,BAY,FC Bayern Munich,https://media-cdn.incrowdsports.com/817b0e58-d595-4b09-ab0b-1e7cc26249ff.png,1,10.85,50%,61.5%,11.2%,41%,26.7%,0,0%,29.1%,58.1%,0%,50%,6.9
85,014732,Marjon Beauchamp,26,https://media-cdn.cortextech.io/1dU3kpCqReRp93/1BSdBWIjCjnONy/7b8d3aed-53c1-4122-8acb-35ea464443e5.png,MUN,BAY,FC Bayern Munich,https://media-cdn.incrowdsports.com/817b0e58-d595-4b09-ab0b-1e7cc26249ff.png,1,21.716666666666665,44.4%,44.4%,0%,15.3%,8%,1,15.4%,15.4%,46.2%,23.1%,0%,13
85,009035,Joel Bolomboy,32,https://media-cdn.cortextech.io/1dU3kpCqReRp93/1BSdBWIjCjnOS3/454d73d1-9f8a-4520-bdb9-2c67f6fcf1b7.png,ASV,ASV,LDLC ASVEL Villeurbanne,https://media-cdn.incrowdsports.com/e33c6d1a-95ca-4dbc-b8cb-0201812104cc.png,1,25.683333333333334,50%,50%,4.6%,23.6%,13.9%,0,0%,50%,50%,0%,0%,4
85,013373,Leopold Cavaliere,30,https://media-cdn.cortextech.io/1dU3kpCqReRp93/1BSdBWIjCjnONz/63c6b216-3410-4c21-8ad0-a8277380c6b1.png,PRS,PBB,Paris Basketball,https://media-cdn.incrowdsports.com/a033e5b3-0de7-48a3-98d9-d9a4b9df1f39.png,1,15.433333333333334,150%,150%,6.3%,0%,3.4%,2,50%,25%,0%,25%,0%,4
85,012080,Timothe Luwawu-Cabarrot,31,https://media-cdn.cortextech.io/1dU3kpCqReRp93/1BSdBWIjCjnONy/894b61b0-9ef5-4796-889d-6cf29eaede45.png,MAD,RMB,Real Madrid,https://media-cdn.incrowdsports.com/371b0d9b-9250-4c09-bda7-0686cf024657.png,1,21.55,50%,55.7%,0%,0%,0%,0,0%,0%,60.7%,30.4%,22.2%,9.9
85,001255,Kostas Papanikolaou,36,https://media-cdn.cortextech.io/1dU3kpCqReRp93/1BSdBWIjCjnONy/ecebd297-d0b7-49bb-b33b-160dfa77f564.png,OLY,OLY,Olympiacos Piraeus,https://media-cdn.incrowdsports.com/789423ac-3cdf-4b89-b11c-b458aa5f59a6.png,1,13.45,0%,0%,0%,18.6%,11.7%,1,50%,50%,0%,0%,0%,2
85,014178,Jared Rhoden,27,https://media-cdn.cortextech.io/1dU3kpCqReRp93/1BSdBWIjCjnONz/7934ce9d-4a65-4f45-bc46-e22eb56660bc.png,PRS,PBB,Paris Basketball,https://media-cdn.incrowdsports.com/a033e5b3-0de7-48a3-98d9-d9a4b9df1f39.png,1,18.05,56.2%,61.9%,5.4%,0%,2.9%,0.2,7.2%,28.8%,36%,21.6%,25%,13.9
85,014152,Kobi Simmons,29,https://media-cdn.cortextech.io/1dU3kpCqReRp93/1BSdBWIjCjnONy/b17aec54-7bd1-42a5-8b4c-c978b681473b.png,BAS,KBA,Baskonia Vitoria-Gasteiz,https://media-cdn.cortextech.io/cbc49cb0-99ce-4462-bdb7-56983ee03cf4.png,1,18.133333333333333,27.8%,31.8%,9.2%,0%,5.8%,6,36.5%,6.1%,24.3%,30.4%,11.1%,16.4
85,012515,Terry Tarpey,32,https://media-cdn.cortextech.io/1dU3kpCqReRp93/1BSdBWIjCjnONz/c9d9c3be-5f8b-4877-a12a-c757b239e3f0.png,PRS,PBB,Paris Basketball,https://media-cdn.incrowdsports.com/a033e5b3-0de7-48a3-98d9-d9a4b9df1f39.png,1,15.25,0%,0%,6.4%,30%,17.3%,6,54.5%,9.1%,0%,36.4%,0%,11
85,005791,Walter Tavares,34,https://media-cdn.cortextech.io/1dU3kpCqReRp93/1BSdBWIjCjnONy/741a7c56-5df6-4b34-a1b5-7dc4c49cc98d.png,MAD,RMB,Real Madrid,https://media-cdn.incrowdsports.com/371b0d9b-9250-4c09-bda7-0686cf024657.png,1,21.05,57.1%,57.1%,10.6%,9.7%,10.1%,0,0%,22.2%,77.8%,0%,0%,9
85,015168,Tj Warren,33,https://media-cdn.cortextech.io/1dU3kpCqReRp93/1BSdBWIjCjnONz/2cbebf40-51a9-4b7f-8663-47130a0f2364.png,PRS,PBB,Paris Basketball,https://media-cdn.incrowdsports.com/a033e5b3-0de7-48a3-98d9-d9a4b9df1f39.png,1,21.066666666666666,90%,90%,0%,10.8%,5%,0,0%,28.6%,14.3%,57.1%,0%,7
85,009664,Derek Willis,31,https://media-cdn.cortextech.io/1dU3kpCqReRp93/1BSdBWIjCjnONz/fff78d8f-32e7-48f7-a9c8-f56e536b4c85.png,PAR,PAR,Partizan Mozzart Bet Belgrade,https://media-cdn.incrowdsports.com/2681304e-77dd-4331-88b1-683078c0fb49.png,1,3.15,150%,150%,0%,45.4%,21.9%,0,0%,0%,0%,100%,0%,1
96,011924,Kyle Allman,29,https://media-cdn.cortextech.io/1dU3kpCqReRp93/1BSdBWIjCjnONz/48a32899-b6b5-4dae-b435-52397b480cf3.png,PAR,PAR,Partizan Mozzart Bet Belgrade,https://media-cdn.incrowdsports.com/2681304e-77dd-4331-88b1-683078c0fb49.png,1,16.166666666666668,66.7%,62.1%,0%,17.7%,8.5%,1,11.8%,11.8%,59.2%,11.8%,16.7%,8.4
96,007056,Devin Booker,35,https://media-cdn.cortextech.io/1dU3kpCqReRp93/1BSdBWIjCjnONy/bac6b071-e029-470a-b5fa-4cb66d11eef7.png,MIL,MIL,Armani Olimpia Milan,https://media-cdn.cortextech.io/1dU3kpCqReRp93/1BSdBWIjChWbHH/5c2f0ab6-f86a-4df0-b2f3-f9ab92f7267b.png,1,10.383333333333333,64.3%,64.3%,13.8%,25.7%,19.9%,0,0%,12.5%,62.5%,25%,0%,8
96,002676,Arnas Butkevicius,34,https://media-cdn.cortextech.io/1dU3kpCqReRp93/1BSdBWIjCjnONz/30189b7a-3050-4119-9fbb-165978cd8f71.png,ZAL,ZAL,Zalgiris Kaunas,https://media-cdn.incrowdsports.com/0aa09358-3847-4c4e-b228-3582ee4e536d.png,1,24.383333333333333,0%,0%,17.7%,6.8%,11.6%,0,100%,0%,0%,0%,0%,1
96,013250,David Dejulius,27,https://media-cdn.cortextech.io/1dU3kpCqReRp93/1BSdBWIjCjnONy/02472971-b450-4da6-9657-b0453b5bc041.png,BES,BJK,Besiktas Istanbul,https://media-cdn.cortextech.io/1dU3kpCqReRp93/1BSdBWIjChWbHH/b05e3c54-e672-4b31-9f86-c91e9de7715c.png,1,12.65,50%,50%,0%,8.8%,4.6%,4,44.4%,11.1%,44.4%,0%,0%,9
96,010726,Tobias Jensen,22,https://media-cdn.cortextech.io/1dU3kpCqReRp93/1BSdBWIjCjnONy/12c30d98-fd4e-4849-a6c5-425a19a3c546.png,MUN,BAY,FC Bayern Munich,https://media-cdn.incrowdsports.com/817b0e58-d595-4b09-ab0b-1e7cc26249ff.png,1,16,33.3%,57.9%,7.6%,0%,3.6%,0.5,13.7%,27.3%,27.3%,13.7%,100%,7.3
96,002580,Vasilije Micic,32,https://media-cdn.cortextech.io/1dU3kpCqReRp93/1BSdBWIjCjnOS3/cccc5974-56b3-4e34-9b5e-7b0a2f1f344f.png,HTA,HTA,Hapoel Tel Aviv,https://media-cdn.incrowdsports.com/cbb1c3ad-03d5-426a-b5ef-2832a4eee484.png,1,26.333333333333332,26.9%,43.5%,0%,9.2%,4.4%,1,13.6%,13.6%,36.2%,22.6%,53.8%,22.1
96,015140,Olivier Nkamhoua,26,https://media-cdn.cortextech.io/1dU3kpCqReRp93/1BSdBWIjCjnONz/8361d06b-f258-4f93-8c46-f64ef63f0c4f.png,BAR,BAR,FC Barcelona,https://media-cdn.incrowdsports.com/35dfa503-e417-481f-963a-bdf6f013763e.png,1,14.883333333333333,100%,100%,32.6%,0%,16.8%,0,0%,0%,100%,0%,0%,1
96,012710,Ercan Osmani,28,https://media-cdn.cortextech.io/1dU3kpCqReRp93/1BSdBWIjCjnONz/c729041d-5c0b-41be-8118-be3d6ac73cb0.png,IST,EFS,Anadolu Efes Istanbul,https://media-cdn.cortextech.io/1dU3kpCqReRp93/1BSdBWIjCgOCxM/a844756c-a58d-4666-93b8-48f7337bc79d.png,1,16.05,50%,50%,16.1%,7.6%,11.7%,2,22.2%,11.1%,55.6%,11.1%,0%,9
96,010393,Jaime Pradilla,25,https://media-cdn.cortextech.io/1dU3kpCqReRp93/1BSdBWIjCjnONy/b0854c40-4237-4e52-abd4-e3a4e485284f.png,MAD,RMB,Real Madrid,https://media-cdn.incrowdsports.com/371b0d9b-9250-4c09-bda7-0686cf024657.png,1,20.05,62.5%,62.5%,0%,10.2%,5.3%,0,0%,0%,50%,50%,0%,4
96,001518,Giampaolo Ricci,35,https://media-cdn.cortextech.io/1dU3kpCqReRp93/1BSdBWIjCjnONy/b9b0b819-b255-41fb-aa35-f450eb2503cb.png,MIL,MIL,Armani Olimpia Milan,https://media-cdn.cortextech.io/1dU3kpCqReRp93/1BSdBWIjChWbHH/5c2f0ab6-f86a-4df0-b2f3-f9ab92f7267b.png,1,5.95,150%,150%,0%,44.8%,23.2%,0,0%,0%,0%,100%,0%,1
96,011927,Dustin Sleva,31,https://media-cdn.cortextech.io/1dU3kpCqReRp93/1BSdBWIjCjnONz/f37f7850-396e-44d3-8dcc-c6503a4a76d3.png,ZAL,ZAL,Zalgiris Kaunas,https://media-cdn.incrowdsports.com/0aa09358-3847-4c4e-b228-3582ee4e536d.png,1,14,100%,73.5%,15.4%,6%,10.1%,0,0%,0%,0%,63%,133.3%,4.8
96,003783,Berk Ugurlu,30,https://media-cdn.cortextech.io/1dU3kpCqReRp93/1BSdBWIjCjnONy/77ba51f1-2dd6-440d-b07f-8a4d28890f85.png,BES,BJK,Besiktas Istanbul,https://media-cdn.cortextech.io/1dU3kpCqReRp93/1BSdBWIjChWbHH/b05e3c54-e672-4b31-9f86-c91e9de7715c.png,1,5.233333333333333,150%,150%,0%,0%,0%,0,66.7%,0%,0%,33.3%,0%,3
96,015139,Stanley Umude,27,https://media-cdn.cortextech.io/1dU3kpCqReRp93/1BSdBWIjCjnONz/b8113804-254a-4e2c-a6b8-08cc6f2d4393.png,BAR,BAR,FC Barcelona,https://media-cdn.incrowdsports.com/35dfa503-e417-481f-963a-bdf6f013763e.png,1,17.7,42.9%,42.1%,6.8%,14.6%,10.6%,0,10.7%,0%,53.6%,21.5%,42.9%,9.3
109,007527,Brancou Badio,27,https://media-cdn.cortextech.io/1dU3kpCqReRp93/1BSdBWIjCjnONz/b1cbb8a2-0a79-41ff-ad4b-1f1b1feeb615.png,PAN,PAO,Panathinaikos AKTOR Athens,https://media-cdn.incrowdsports.com/e3dff28a-9ec6-4faf-9d96-ecbc68f75780.png,1,20.9,33.3%,51.5%,0%,14%,7.6%,1,25.4%,25.4%,38.1%,0%,66.7%,7.9
109,015164,Hugo Besson,25,https://media-cdn.cortextech.io/1dU3kpCqReRp93/1BSdBWIjCjnOS3/600b9dfa-df21-4159-99e3-b95e4bd180f7.png,ASV,ASV,LDLC ASVEL Villeurbanne,https://media-cdn.incrowdsports.com/e33c6d1a-95ca-4dbc-b8cb-0201812104cc.png,1,17.016666666666666,44.4%,44.4%,0%,21.4%,10.5%,2,26.7%,13.3%,20%,40%,0%,15
109,013402,Antonio Blakeney,30,https://media-cdn.cortextech.io/1dU3kpCqReRp93/1BSdBWIjCjnOS3/106944f7-27db-4406-ac08-ed59628d5191.png,HTA,HTA,Hapoel Tel Aviv,https://media-cdn.incrowdsports.com/cbb1c3ad-03d5-426a-b5ef-2832a4eee484.png,1,27.35,41.7%,44.2%,0%,8.9%,4.2%,2,13%,6.5%,25.9%,51.8%,8.3%,15.4
109,013384,Armoni Brooks,28,https://media-cdn.cortextech.io/1dU3kpCqReRp93/1BSdBWIjCjnONy/5d219537-9bfc-443e-a3a7-cb8cb997c849.png,PAM,VBC,Valencia Basket,https://media-cdn.cortextech.io/1dU3kpCqReRp93/1BSdBWIjChWbHL/bc3e00b2-fea4-40be-a7ec-1e633129bde3.png,1,23.366666666666667,45.5%,45.5%,4.8%,20.7%,12.4%,1.5,18.8%,12.5%,31.2%,37.5%,0%,16
109,005928,Facundo Campazzo,35,https://media-cdn.cortextech.io/1dU3kpCqReRp93/1BSdBWIjCjnONy/76403e82-85ef-455e-a8d9-1ed4d2858efe.png,MAD,RMB,Real Madrid,https://media-cdn.incrowdsports.com/371b0d9b-9250-4c09-bda7-0686cf024657.png,1,17.7,25%,33.8%,0%,11.6%,6%,2,16.8%,8.4%,42.1%,25.3%,25%,11.9
109,013699,Jimmy Clark III,25,https://media-cdn.cortextech.io/1dU3kpCqReRp93/1BSdBWIjCjnOS3/006c60ff-e935-4695-8889-a1ab9a512eff.png,TEL,MTA,Maccabi Rapyd Tel Aviv,https://media-cdn.cortextech.io/1b533342-78f5-4932-b714-a7d80b5826b5.png,1,13.533333333333333,56.2%,56.2%,9%,26.1%,17.6%,2,35.3%,17.6%,29.4%,17.6%,0%,17
109,014027,Mamadi Diakite,29,https://media-cdn.cortextech.io/1dU3kpCqReRp93/1BSdBWIjCjnONy/56f6929b-4dc8-4b27-8241-52186ffe2f52.png,DUB,DUB,Dubai Basketball,https://media-cdn.incrowdsports.com/1efae090-16e2-4963-ae47-4b94f249c244.png,1,15.883333333333333,75%,75%,0%,14%,6.7%,0,20%,0%,20%,60%,0%,5
109,013367,Trent Forrest,28,https://media-cdn.cortextech.io/1dU3kpCqReRp93/1BSdBWIjCjnONy/ecddbfd3-de63-4853-8edd-e177eb099698.png,ULK,FBT,Fenerbahce Istanbul,https://media-cdn.cortextech.io/1dU3kpCqReRp93/1BSdBWIjCiezrk/aa39750a-6203-49ee-a87d-edd0c6f0397d.png,1,25.316666666666666,28.6%,28.6%,13.2%,7.7%,10.3%,3,27.3%,9.1%,36.4%,27.3%,0%,11
109,013380,Evan Fournier,34,https://media-cdn.cortextech.io/1dU3kpCqReRp93/1BSdBWIjCjnONy/8294e767-cda1-4ff8-baf4-92ecdd9a919d.png,OLY,OLY,Olympiacos Piraeus,https://media-cdn.incrowdsports.com/789423ac-3cdf-4b89-b11c-b458aa5f59a6.png,1,24.766666666666666,58.3%,58.3%,0%,3.4%,2.1%,3,30%,10%,20%,40%,0%,10
109,013383,Wenyen Gabriel,29,https://media-cdn.cortextech.io/1dU3kpCqReRp93/1BSdBWIjCjnONy/bffa3555-b896-4e50-83dd-8207c2c08445.png,BES,BJK,Besiktas Istanbul,https://media-cdn.cortextech.io/1dU3kpCqReRp93/1BSdBWIjChWbHH/b05e3c54-e672-4b31-9f86-c91e9de7715c.png,1,15,100%,104.2%,0%,14.8%,7.7%,0,0%,0%,69.4%,0%,100%,2.9
109,012611,Sebastian Herrera,29,https://media-cdn.cortextech.io/554a36c3-9fe5-44af-8100-9cb7752e132a.png,PRS,PBB,Paris Basketball,https://media-cdn.incrowdsports.com/a033e5b3-0de7-48a3-98d9-d9a4b9df1f39.png,1,19.133333333333333,56.2%,56.2%,0%,6%,2.8%,0,11.1%,0%,11.1%,77.8%,0%,9
109,012640,Nadir Hifi,24,https://media-cdn.cortextech.io/1dU3kpCqReRp93/1BSdBWIjCjnONz/c4dc8064-fc52-451a-b27c-0aa9ec164948.png,PRS,PBB,Paris Basketball,https://media-cdn.incrowdsports.com/a033e5b3-0de7-48a3-98d9-d9a4b9df1f39.png,1,22.216666666666665,34.6%,38.4%,4.4%,5.1%,4.7%,0.7,10.4%,15.5%,36.2%,31.1%,23.1%,19.3
109,014102,Kai Jones,25,https://media-cdn.cortextech.io/1dU3kpCqReRp93/1BSdBWIjCjnONz/f6863e93-e184-46e1-bae5-00166020bd7f.png,IST,EFS,Anadolu Efes Istanbul,https://media-cdn.cortextech.io/1dU3kpCqReRp93/1BSdBWIjCgOCxM/a844756c-a58d-4666-93b8-48f7337bc79d.png,1,15.55,100%,100%,16.6%,23.4%,20.1%,0,50%,0%,50%,0%,0%,2
109,006833,Olivier Sarr,27,https://media-cdn.cortextech.io/1dU3kpCqReRp93/1BSdBWIjCjnONy/4ce1c127-0650-4687-a09a-703c5f241e7b.png,MAD,RMB,Real Madrid,https://media-cdn.incrowdsports.com/371b0d9b-9250-4c09-bda7-0686cf024657.png,1,4.133333333333334,100%,86.2%,26.9%,24.8%,25.8%,0,0%,0%,43.1%,0%,300%,2.3
109,008173,Matteo Spagnolo,23,https://media-cdn.cortextech.io/1dU3kpCqReRp93/1BSdBWIjCjnONy/c46e739a-7112-423c-b1cf-1551460475dc.png,BAS,KBA,Baskonia Vitoria-Gasteiz,https://media-cdn.cortextech.io/cbc49cb0-99ce-4462-bdb7-56983ee03cf4.png,1,15.516666666666667,33.3%,57.9%,10.7%,9.2%,10.2%,1.5,32.2%,21.5%,10.7%,21.5%,100%,9.3
109,002329,Edgaras Ulanovas,34,https://media-cdn.cortextech.io/1dU3kpCqReRp93/1BSdBWIjCjnONz/5d1b2a2a-4d68-4723-8389-d86a4d6f8b6b.png,ZAL,ZAL,Zalgiris Kaunas,https://media-cdn.incrowdsports.com/0aa09358-3847-4c4e-b228-3582ee4e536d.png,1,16.333333333333332,0%,54.3%,0%,5.1%,2.9%,0,0%,15.3%,15.3%,15.3%,400%,6.5
125,011247,Andres Feliz,29,https://media-cdn.cortextech.io/1dU3kpCqReRp93/1BSdBWIjCjnONy/f1b18434-916a-4d6b-95f4-daa88e901887.png,MAD,RMB,Real Madrid,https://media-cdn.incrowdsports.com/371b0d9b-9250-4c09-bda7-0686cf024657.png,1,23.416666666666668,40.9%,40.9%,4.7%,17.5%,11.4%,2,23.5%,11.8%,52.9%,11.8%,0%,17
125,011948,Markus Howard,27,https://media-cdn.cortextech.io/1dU3kpCqReRp93/1BSdBWIjCjnONy/50d10547-ade7-4abb-af2a-35ef3ceb0b01.png,BAS,KBA,Baskonia Vitoria-Gasteiz,https://media-cdn.cortextech.io/cbc49cb0-99ce-4462-bdb7-56983ee03cf4.png,1,12.5,75%,75%,6.7%,0%,4.2%,0,14.3%,0%,14.3%,71.4%,0%,7
125,007519,Rokas Jokubaitis,26,https://media-cdn.cortextech.io/1dU3kpCqReRp93/1BSdBWIjCjnONy/03d55f7c-60e5-4129-9024-38b32702d9fa.png,MUN,BAY,FC Bayern Munich,https://media-cdn.incrowdsports.com/817b0e58-d595-4b09-ab0b-1e7cc26249ff.png,1,18.6,28.6%,38.1%,0%,6%,3.1%,6,40.3%,6.7%,47%,0%,28.6%,14.9
125,002849,Nicolo Melli,35,https://media-cdn.cortextech.io/1dU3kpCqReRp93/1BSdBWIjCjnONy/fbee5e3e-f8f5-4393-827b-4a3ddefeaa88.png,ULK,FBT,Fenerbahce Istanbul,https://media-cdn.cortextech.io/1dU3kpCqReRp93/1BSdBWIjCiezrk/aa39750a-6203-49ee-a87d-edd0c6f0397d.png,1,24.933333333333334,40%,40%,4.5%,15.7%,10.4%,0.5,12.5%,25%,50%,12.5%,0%,8
125,013363,Jordan Nwora,28,https://media-cdn.cortextech.io/1dU3kpCqReRp93/1BSdBWIjCjnONz/9398d5d9-12c5-4b31-8cd6-5a8ab6e253fb.png,RED,CZV,Crvena Zvezda Meridianbet Belgrade,https://media-cdn.incrowdsports.com/d2eef4a8-62df-4fdd-9076-276004268515.png,1,22.033333333333335,33.3%,43%,3.8%,19.6%,10.7%,1,7.3%,7.3%,58.7%,7.3%,66.7%,13.6
125,011194,Filip Petrusev,26,https://media-cdn.cortextech.io/1dU3kpCqReRp93/1BSdBWIjCjnONy/12d855f3-30b7-4c5c-8078-91fe394bd701.png,DUB,DUB,Dubai Basketball,https://media-cdn.incrowdsports.com/1efae090-16e2-4963-ae47-4b94f249c244.png,1,18.866666666666667,37.5%,37.5%,10.9%,23.6%,17%,0,33.3%,0%,50%,16.7%,0%,6
131,014736,Damion Baugh,26,https://media-cdn.cortextech.io/1dU3kpCqReRp93/1BSdBWIjCjnONy/b1eb5eea-4457-4ba1-a5c0-4b3c68ce4f48.png,BAS,KBA,Baskonia Vitoria-Gasteiz,https://media-cdn.cortextech.io/cbc49cb0-99ce-4462-bdb7-56983ee03cf4.png,1,13.283333333333333,50%,59.5%,6.3%,10.8%,7.9%,0,25.4%,0%,38.1%,25.4%,40%,7.9
131,013374,Mouhamet Diouf,25,https://media-cdn.cortextech.io/1dU3kpCqReRp93/1BSdBWIjCjnONz/44fceb26-24ea-4de5-b66b-724b5e569867.png,VIR,VIR,Virtus Bologna,https://media-cdn.cortextech.io/1dU3kpCqReRp93/1BSdBWIjCiezvk/a92d4c3b-9f9c-4163-8a10-bcf8fc15893e.png,1,12.616666666666667,50%,75.4%,15.5%,8.8%,12.4%,0,0%,17.7%,35.5%,0%,300%,5.6
131,015143,Tyson Etienne,27,https://media-cdn.cortextech.io/1dU3kpCqReRp93/1BSdBWIjCjnONz/6ac06b8d-b588-4bcd-8bbe-8b06198c7ff5.png,PRS,PBB,Paris Basketball,https://media-cdn.incrowdsports.com/a033e5b3-0de7-48a3-98d9-d9a4b9df1f39.png,1,18.816666666666666,53.8%,55.9%,0%,6.1%,2.8%,0,11.6%,0%,17.4%,58.1%,38.5%,17.2
131,011204,Jerian Grant,34,https://media-cdn.cortextech.io/1dU3kpCqReRp93/1BSdBWIjCjnOS1/4cc9a8ca-6edf-4914-a69e-78e845899b7c.png,PAN,PAO,Panathinaikos AKTOR Athens,https://media-cdn.incrowdsports.com/e3dff28a-9ec6-4faf-9d96-ecbc68f75780.png,1,18.116666666666667,43.8%,43.8%,6.3%,0%,2.9%,0,27.3%,0%,36.4%,36.4%,0%,11
131,014029,Ebuka Izundu,30,https://media-cdn.cortextech.io/1dU3kpCqReRp93/1BSdBWIjCjnONz/edc21d49-0112-45b4-b4ab-e5496c5c1600.png,RED,CZV,Crvena Zvezda Meridianbet Belgrade,https://media-cdn.incrowdsports.com/d2eef4a8-62df-4fdd-9076-276004268515.png,1,15.366666666666667,33.3%,45.1%,21.7%,0%,12.2%,0,0%,0%,77.3%,0%,66.7%,7.8
131,013290,Justinian Jessup,28,https://media-cdn.cortextech.io/1dU3kpCqReRp93/1BSdBWIjCjnONy/ca7c1847-03d2-4271-a334-84de89bcd58d.png,MUN,BAY,FC Bayern Munich,https://media-cdn.incrowdsports.com/817b0e58-d595-4b09-ab0b-1e7cc26249ff.png,1,15.35,71.4%,73.9%,0%,0%,0%,0,0%,0%,40.3%,53.8%,14.3%,7.4
131,005713,Rodions Kurucs,28,https://media-cdn.cortextech.io/1dU3kpCqReRp93/1BSdBWIjCjnONy/2c60a5d5-e755-43f1-8783-8810ad15d63a.png,BAS,KBA,Baskonia Vitoria-Gasteiz,https://media-cdn.cortextech.io/cbc49cb0-99ce-4462-bdb7-56983ee03cf4.png,1,21.35,35.7%,35.7%,7.8%,13.4%,9.9%,2.5,35.7%,14.3%,35.7%,14.3%,0%,14
131,012609,Collin Malcolm,29,https://media-cdn.cortextech.io/1dU3kpCqReRp93/1BSdBWIjCjnONz/cf5b29e9-6800-41cf-91d0-caf5ef30e20f.png,IST,EFS,Anadolu Efes Istanbul,https://media-cdn.cortextech.io/1dU3kpCqReRp93/1BSdBWIjCgOCxM/a844756c-a58d-4666-93b8-48f7337bc79d.png,1,17.45,66.7%,64.4%,7.4%,6.9%,7.2%,0,34%,0%,34%,17%,66.7%,5.9
131,011982,Semi Ojeleye,32,https://media-cdn.cortextech.io/1dU3kpCqReRp93/1BSdBWIjCjnONz/734ca587-f81e-4974-985f-3857a1a66bf8.png,RED,CZV,Crvena Zvezda Meridianbet Belgrade,https://media-cdn.incrowdsports.com/d2eef4a8-62df-4fdd-9076-276004268515.png,1,24.583333333333332,57.1%,54.1%,6.8%,22%,13.4%,1,9.7%,9.7%,38.8%,29.1%,42.9%,10.3
131,005637,Nikola Tanaskovic,29,https://media-cdn.cortextech.io/1dU3kpCqReRp93/1BSdBWIjCjnONz/006c0b2b-dc89-4472-b380-42b164584efd.png,PAR,PAR,Partizan Mozzart Bet Belgrade,https://media-cdn.incrowdsports.com/2681304e-77dd-4331-88b1-683078c0fb49.png,1,23.033333333333335,50%,50.9%,23.2%,12.4%,18%,0,0%,0%,87.2%,0%,33.3%,6.9
131,004132,Daniel Theis,34,https://media-cdn.cortextech.io/1dU3kpCqReRp93/1BSdBWIjCjnOS3/18a7b04c-9b8b-4999-a57f-936ac7384a4d.png,TEL,MTA,Maccabi Rapyd Tel Aviv,https://media-cdn.cortextech.io/1b533342-78f5-4932-b714-a7d80b5826b5.png,1,16.816666666666666,66.7%,79.8%,7.2%,14%,10.7%,0,0%,41.5%,20.7%,10.4%,200%,9.6
131,007947,Luca Vildoza,31,https://media-cdn.cortextech.io/1dU3kpCqReRp93/1BSdBWIjCjnONz/8cabc4e6-be71-4962-9876-f7beda50343f.png,PAR,PAR,Partizan Mozzart Bet Belgrade,https://media-cdn.incrowdsports.com/2681304e-77dd-4331-88b1-683078c0fb49.png,1,17.266666666666666,60%,59.5%,0%,8.3%,4%,1.5,27.6%,18.4%,0%,46%,40%,10.9
131,012606,Mckinley Wright IV,28,https://media-cdn.cortextech.io/1dU3kpCqReRp93/1BSdBWIjCjnONy/ed6dcc8c-2978-4685-aaf8-de47979d3440.png,DUB,DUB,Dubai Basketball,https://media-cdn.incrowdsports.com/1efae090-16e2-4963-ae47-4b94f249c244.png,1,24.116666666666667,56.2%,58.8%,8.5%,13.8%,11.1%,1,18.5%,18.5%,37%,12.3%,62.5%,16.2
131,012878,Moses Wright,28,https://media-cdn.cortextech.io/1dU3kpCqReRp93/1BSdBWIjCjnONy/44aa0f82-0341-41b1-97e4-e1ff901f8578.png,MIL,MIL,Armani Olimpia Milan,https://media-cdn.cortextech.io/1dU3kpCqReRp93/1BSdBWIjChWbHH/5c2f0ab6-f86a-4df0-b2f3-f9ab92f7267b.png,1,27.483333333333334,40%,47.5%,10.4%,24.3%,17.6%,0.8,22.5%,30%,30%,7.5%,60%,13.3
145,014127,O'Shae J Brissett,28,https://media-cdn.cortextech.io/1dU3kpCqReRp93/1BSdBWIjCjnOS3/a5a60d09-ef95-4264-86a0-a558d353ef58.png,TEL,MTA,Maccabi Rapyd Tel Aviv,https://media-cdn.cortextech.io/1b533342-78f5-4932-b714-a7d80b5826b5.png,1,26.066666666666666,27.3%,33.7%,0%,31.6%,16%,0,0%,0%,42.1%,50.5%,18.2%,11.9
145,004888,Will Clyburn,36,https://media-cdn.cortextech.io/1dU3kpCqReRp93/1BSdBWIjCjnONy/62a8ca97-d805-4218-adc6-26d09c7d9daa.png,ULK,FBT,Fenerbahce Istanbul,https://media-cdn.cortextech.io/1dU3kpCqReRp93/1BSdBWIjCiezrk/aa39750a-6203-49ee-a87d-edd0c6f0397d.png,1,19.1,25%,41%,0%,15.3%,8.2%,0,9.3%,0%,46.5%,27.9%,50%,10.8
145,014108,Aliou Diarra,25,https://media-cdn.cortextech.io/1dU3kpCqReRp93/1BSdBWIjCjnONz/622f5afe-0cda-41b3-8e86-f73efd580d9a.png,VIR,VIR,Virtus Bologna,https://media-cdn.cortextech.io/1dU3kpCqReRp93/1BSdBWIjCiezvk/a92d4c3b-9f9c-4163-8a10-bcf8fc15893e.png,1,21.733333333333334,60%,68%,0%,5.1%,2.4%,0,14.5%,0%,72.7%,0%,40%,6.9
145,012613,Mikael Jantunen,26,https://media-cdn.cortextech.io/1dU3kpCqReRp93/1BSdBWIjCjnONy/10bea46c-6970-4540-be9a-e6ef97ea0121.png,MAD,RMB,Real Madrid,https://media-cdn.incrowdsports.com/371b0d9b-9250-4c09-bda7-0686cf024657.png,1,19.95,100%,100%,0%,5.1%,2.7%,0,0%,0%,40%,60%,0%,5
145,006482,David Kramer,29,https://media-cdn.cortextech.io/1dU3kpCqReRp93/1BSdBWIjCjnONz/9d36c176-682d-40c2-84f2-db9583dc94cc.png,RED,CZV,Crvena Zvezda Meridianbet Belgrade,https://media-cdn.incrowdsports.com/d2eef4a8-62df-4fdd-9076-276004268515.png,1,19.65,64.3%,69.8%,0%,22%,9.6%,0,11.3%,0%,22.5%,56.3%,28.6%,8.9
145,012201,Chima Moneke,31,https://media-cdn.cortextech.io/1dU3kpCqReRp93/1BSdBWIjCjnONz/08270e7f-2a17-43ae-a234-5b83ebc80a63.png,RED,CZV,Crvena Zvezda Meridianbet Belgrade,https://media-cdn.incrowdsports.com/d2eef4a8-62df-4fdd-9076-276004268515.png,1,25.783333333333335,44.4%,45.5%,9.7%,0%,5.5%,0,9.2%,0%,46%,36.8%,22.2%,10.9
145,011214,Jasiel Rivero,33,https://media-cdn.cortextech.io/1dU3kpCqReRp93/1BSdBWIjCjnONy/846bcba4-d936-4a76-964c-2a38b7f543da.png,PAM,VBC,Valencia Basket,https://media-cdn.cortextech.io/1dU3kpCqReRp93/1BSdBWIjChWbHL/bc3e00b2-fea4-40be-a7ec-1e633129bde3.png,1,15.283333333333333,70%,79.1%,14.5%,7.9%,11.4%,0,0%,13.7%,54.6%,13.7%,60%,7.3
145,014008,Justin Robinson,29,https://media-cdn.cortextech.io/1dU3kpCqReRp93/1BSdBWIjCjnONz/d326f31e-8ffc-40bb-8d8f-ad41f16d794e.png,BAR,BAR,FC Barcelona,https://media-cdn.incrowdsports.com/35dfa503-e417-481f-963a-bdf6f013763e.png,1,22.333333333333332,57.1%,63.5%,0%,11.6%,5.6%,0.7,15.5%,23.3%,15.5%,38.8%,28.6%,12.9
145,011706,Mario Saint-Supery,20,https://media-cdn.cortextech.io/1dU3kpCqReRp93/1BSdBWIjCjnONy/444fcffe-f94d-4843-bdb7-801ba2b9b2cc.png,PAM,VBC,Valencia Basket,https://media-cdn.cortextech.io/1dU3kpCqReRp93/1BSdBWIjChWbHL/bc3e00b2-fea4-40be-a7ec-1e633129bde3.png,1,16.433333333333334,62.5%,71.7%,0%,7.4%,3.5%,1,27.6%,27.6%,18.4%,18.4%,50%,10.9
154,012720,Sterling Brown,31,https://media-cdn.cortextech.io/1dU3kpCqReRp93/1BSdBWIjCjnONz/d3819345-099e-4a06-8c2a-399d94b9766e.png,ZAL,ZAL,Zalgiris Kaunas,https://media-cdn.incrowdsports.com/0aa09358-3847-4c4e-b228-3582ee4e536d.png,1,16.316666666666666,100%,105%,0%,10.2%,5.8%,0,0%,0%,0%,63%,133.3%,4.8
154,014163,Jared Butler,26,https://media-cdn.cortextech.io/1dU3kpCqReRp93/1BSdBWIjCjnONz/df3943a2-33b5-43e8-9922-bc85f4c4c84e.png,RED,CZV,Crvena Zvezda Meridianbet Belgrade,https://media-cdn.incrowdsports.com/d2eef4a8-62df-4fdd-9076-276004268515.png,1,17.216666666666665,50%,50%,4.8%,6.3%,5.5%,4,25%,6.2%,25%,43.8%,0%,16
154,014735,Chris Duarte,29,https://media-cdn.cortextech.io/1dU3kpCqReRp93/1BSdBWIjCjnONy/c7dd4e15-a679-4f8e-8891-168c6aef086f.png,BAS,KBA,Baskonia Vitoria-Gasteiz,https://media-cdn.cortextech.io/cbc49cb0-99ce-4462-bdb7-56983ee03cf4.png,1,20.05,45%,45%,8.3%,21.4%,13.1%,3,21.4%,7.1%,28.6%,42.9%,0%,14
154,003526,David Lighty,38,https://media-cdn.cortextech.io/1dU3kpCqReRp93/1BSdBWIjCjnOS3/ca29fd28-aef3-414c-8b78-78525f8ac1eb.png,ASV,ASV,LDLC ASVEL Villeurbanne,https://media-cdn.incrowdsports.com/e33c6d1a-95ca-4dbc-b8cb-0201812104cc.png,1,15.866666666666667,80%,85%,0%,0%,0%,0,14.5%,0%,29.1%,43.6%,40%,6.9
154,014737,Wendell Moore,25,https://media-cdn.cortextech.io/1dU3kpCqReRp93/1BSdBWIjCjnONz/2d92fbef-34d7-4af0-8786-eda390ffbb6a.png,VIR,VIR,Virtus Bologna,https://media-cdn.cortextech.io/1dU3kpCqReRp93/1BSdBWIjCiezvk/a92d4c3b-9f9c-4163-8a10-bcf8fc15893e.png,1,25.766666666666666,50%,50%,3.8%,25.9%,14.1%,0,10%,0%,40%,50%,0%,10
154,011212,Elie Okobo,29,https://media-cdn.cortextech.io/1dU3kpCqReRp93/1BSdBWIjCjnONy/a55f9e28-d54a-439e-9333-6a685dd7d798.png,DUB,DUB,Dubai Basketball,https://media-cdn.incrowdsports.com/1efae090-16e2-4963-ae47-4b94f249c244.png,1,30.05,50%,50%,3.4%,11.1%,7.1%,4,30.8%,7.7%,46.2%,15.4%,0%,13
154,006832,Yves Pons,27,https://media-cdn.cortextech.io/1dU3kpCqReRp93/1BSdBWIjCjnOS3/0620101a-be18-44b4-b152-63a5ca49cd74.png,ASV,ASV,LDLC ASVEL Villeurbanne,https://media-cdn.incrowdsports.com/e33c6d1a-95ca-4dbc-b8cb-0201812104cc.png,1,11.8,100%,101.4%,19.9%,0%,10.1%,0,0%,0%,22.5%,67.6%,25%,4.4
154,008099,Matthew Strazel,24,https://media-cdn.cortextech.io/1dU3kpCqReRp93/1BSdBWIjCjnONz/d299652d-429d-4226-89d6-8286c61c0533.png,IST,EFS,Anadolu Efes Istanbul,https://media-cdn.cortextech.io/1dU3kpCqReRp93/1BSdBWIjCgOCxM/a844756c-a58d-4666-93b8-48f7337bc79d.png,1,23.383333333333333,38.9%,53.6%,0%,10.4%,5.3%,1.5,18.5%,12.3%,30.9%,24.7%,55.6%,16.2
162,014010,Allan Dokossi,27,https://media-cdn.cortextech.io/1dU3kpCqReRp93/1BSdBWIjCjnONz/33d6b1bb-2e42-42de-98e3-c02c475d36d1.png,PRS,PBB,Paris Basketball,https://media-cdn.incrowdsports.com/a033e5b3-0de7-48a3-98d9-d9a4b9df1f39.png,1,20.833333333333332,100%,100%,9.4%,16.5%,12.6%,2,50%,25%,25%,0%,0%,8
162,013285,Devon Dotson,27,https://media-cdn.cortextech.io/1dU3kpCqReRp93/1BSdBWIjCjnONy/72093b12-8294-4e00-9a8a-aec2692d2c9b.png,BES,BJK,Besiktas Istanbul,https://media-cdn.cortextech.io/1dU3kpCqReRp93/1BSdBWIjChWbHH/b05e3c54-e672-4b31-9f86-c91e9de7715c.png,1,22.116666666666667,83.3%,79.8%,0%,0%,0%,4,37.6%,9.4%,9.4%,18.8%,200%,10.6
162,014416,Kessler Edwards,26,https://media-cdn.cortextech.io/1dU3kpCqReRp93/1BSdBWIjCjnONz/2a8752bb-1e79-44fb-9f45-1f0ebcfb7465.png,VIR,VIR,Virtus Bologna,https://media-cdn.cortextech.io/1dU3kpCqReRp93/1BSdBWIjCiezvk/a92d4c3b-9f9c-4163-8a10-bcf8fc15893e.png,1,23.9,100%,100%,4.1%,27.9%,15.2%,0,50%,0%,50%,0%,0%,2
162,011196,Donta Hall,29,https://media-cdn.cortextech.io/1dU3kpCqReRp93/1BSdBWIjCjnONy/ad2ae42b-2dcc-45ef-8b68-58484364d4af.png,OLY,OLY,Olympiacos Piraeus,https://media-cdn.incrowdsports.com/789423ac-3cdf-4b89-b11c-b458aa5f59a6.png,1,18.783333333333335,66.7%,66.7%,22.8%,17.7%,19.6%,1,20%,20%,60%,0%,0%,5
162,010390,Kevarrius Hayes,29,https://media-cdn.cortextech.io/1dU3kpCqReRp93/1BSdBWIjCjnONz/0cd451e5-94a5-46fd-9b80-cb636427977a.png,PAR,PAR,Partizan Mozzart Bet Belgrade,https://media-cdn.incrowdsports.com/2681304e-77dd-4331-88b1-683078c0fb49.png,1,16.633333333333333,83.3%,83.3%,8%,17.2%,12.4%,0,14.3%,0%,85.7%,0%,0%,7
162,015103,Damian Jones,31,https://media-cdn.cortextech.io/1dU3kpCqReRp93/1BSdBWIjCjnONy/2e235779-28c6-4d92-a693-6e822a8eb27e.png,MAD,RMB,Real Madrid,https://media-cdn.incrowdsports.com/371b0d9b-9250-4c09-bda7-0686cf024657.png,1,14.816666666666666,71.4%,71.4%,30%,6.9%,18%,0,0%,12.5%,87.5%,0%,0%,8
162,012796,Mfiondu Kabengele,29,https://media-cdn.cortextech.io/1dU3kpCqReRp93/1BSdBWIjCjnONy/c758af2a-bc8d-4e9a-ac62-362597904633.png,DUB,DUB,Dubai Basketball,https://media-cdn.incrowdsports.com/1efae090-16e2-4963-ae47-4b94f249c244.png,1,24.283333333333335,30%,38.3%,4.2%,27.5%,15.4%,1.5,17.9%,11.9%,23.9%,35.8%,40%,16.8
162,008084,Eleftherios Mantzoukas,23,https://media-cdn.cortextech.io/1dU3kpCqReRp93/1BSdBWIjCjnONz/7800be8a-37bf-41af-88c2-3b9bc954454d.png,PAN,PAO,Panathinaikos AKTOR Athens,https://media-cdn.incrowdsports.com/e3dff28a-9ec6-4faf-9d96-ecbc68f75780.png,1,23.066666666666666,71.4%,71.4%,0%,16.9%,9.1%,1,11.1%,11.1%,22.2%,55.6%,0%,9
162,009680,Conor Morgan,32,https://media-cdn.cortextech.io/1dU3kpCqReRp93/1BSdBWIjCjnONy/82716e49-3b79-4d6e-a9e1-909f5e456a12.png,BES,BJK,Besiktas Istanbul,https://media-cdn.cortextech.io/1dU3kpCqReRp93/1BSdBWIjChWbHH/b05e3c54-e672-4b31-9f86-c91e9de7715c.png,1,20.216666666666665,107.1%,107.1%,0%,11%,5.7%,0.5,10%,20%,10%,60%,0%,10
162,012610,Tyson Ward,29,https://media-cdn.cortextech.io/1dU3kpCqReRp93/1BSdBWIjCjnONy/d47af427-fc27-4cdd-9e0a-139476098ec6.png,OLY,OLY,Olympiacos Piraeus,https://media-cdn.incrowdsports.com/789423ac-3cdf-4b89-b11c-b458aa5f59a6.png,1,17.766666666666666,43.8%,56.4%,16.1%,4.7%,8.9%,2,15.7%,7.8%,39.2%,23.5%,50%,12.8
172,009863,Wade Baldwin IV,30,https://media-cdn.cortextech.io/1dU3kpCqReRp93/1BSdBWIjCjnONy/43d87c83-f7d6-4748-bb4b-cb59f5875ee4.png,ULK,FBT,Fenerbahce Istanbul,https://media-cdn.cortextech.io/1dU3kpCqReRp93/1BSdBWIjCiezrk/aa39750a-6203-49ee-a87d-edd0c6f0397d.png,1,23.266666666666666,37.5%,52.1%,0%,16.8%,8.9%,1.5,27.9%,18.6%,18.6%,18.6%,100%,21.5
172,009846,Elijah Bryant,31,https://media-cdn.cortextech.io/1dU3kpCqReRp93/1BSdBWIjCjnOS3/059c5027-93b7-4bad-8924-26c9e4819a84.png,HTA,HTA,Hapoel Tel Aviv,https://media-cdn.incrowdsports.com/cbb1c3ad-03d5-426a-b5ef-2832a4eee484.png,1,29.183333333333334,44.4%,50.6%,0%,8.3%,4%,1.5,20.2%,13.4%,33.6%,26.9%,22.2%,14.9
172,012712,Juancho Hernangomez,31,https://media-cdn.cortextech.io/1dU3kpCqReRp93/1BSdBWIjCjnONz/9eb6f2b2-d265-4965-88bb-8ce2269e00ff.png,PAN,PAO,Panathinaikos AKTOR Athens,https://media-cdn.incrowdsports.com/e3dff28a-9ec6-4faf-9d96-ecbc68f75780.png,1,20.366666666666667,83.3%,83.3%,11.2%,19.2%,15.5%,0,25%,0%,25%,50%,0%,4
172,008987,Zach Leday,32,https://media-cdn.cortextech.io/1dU3kpCqReRp93/1BSdBWIjCjnOS3/637ca732-ad9c-44e2-97b6-37ac6f19deda.png,HTA,HTA,Hapoel Tel Aviv,https://media-cdn.incrowdsports.com/cbb1c3ad-03d5-426a-b5ef-2832a4eee484.png,1,12.433333333333334,50%,63.3%,8.9%,29.2%,18.7%,0,0%,0%,47.5%,31.6%,60%,6.3
172,014786,Jaylen Nowell,27,https://media-cdn.cortextech.io/1dU3kpCqReRp93/1BSdBWIjCjnONy/d95bb7c0-778e-4971-8c37-0b346e9017ec.png,BES,BJK,Besiktas Istanbul,https://media-cdn.cortextech.io/1dU3kpCqReRp93/1BSdBWIjChWbHH/b05e3c54-e672-4b31-9f86-c91e9de7715c.png,1,28.233333333333334,58.3%,63.8%,0%,15.7%,8.2%,1,11.5%,11.5%,46.2%,23.1%,25%,17.3
172,006739,Alessandro Pajola,27,https://media-cdn.cortextech.io/1dU3kpCqReRp93/1BSdBWIjCjnONz/d80ae7ee-8755-47b7-8194-2d74312eefc9.png,PAR,PAR,Partizan Mozzart Bet Belgrade,https://media-cdn.incrowdsports.com/2681304e-77dd-4331-88b1-683078c0fb49.png,1,20.516666666666666,50%,59.5%,0%,27.9%,13.4%,1.5,27.6%,18.4%,18.4%,27.6%,40%,10.9
172,010545,Neal Sako,28,https://media-cdn.cortextech.io/1dU3kpCqReRp93/1BSdBWIjCjnONy/abd62f56-26d6-4f58-aa4e-54d9c2606c55.png,PAM,VBC,Valencia Basket,https://media-cdn.cortextech.io/1dU3kpCqReRp93/1BSdBWIjChWbHL/bc3e00b2-fea4-40be-a7ec-1e633129bde3.png,1,11.383333333333333,100%,102.5%,0%,21.3%,10.2%,0,29.1%,0%,58.1%,0%,50%,6.9
172,006661,Scottie Wilbekin,33,https://media-cdn.cortextech.io/1dU3kpCqReRp93/1BSdBWIjCjnONy/a66ef548-089c-4cb2-8645-e397472f11be.png,BES,BJK,Besiktas Istanbul,https://media-cdn.cortextech.io/1dU3kpCqReRp93/1BSdBWIjChWbHH/b05e3c54-e672-4b31-9f86-c91e9de7715c.png,1,24.166666666666668,50%,48.2%,0%,4.6%,2.4%,0,28.7%,0%,34.4%,34.4%,8.3%,17.4
172,010357,Guerschon Yabusele,31,https://media-cdn.cortextech.io/1dU3kpCqReRp93/1BSdBWIjCjnONz/8cff617e-e2d9-4588-af8b-8d1360a1e307.png,PAN,PAO,Panathinaikos AKTOR Athens,https://media-cdn.incrowdsports.com/e3dff28a-9ec6-4faf-9d96-ecbc68f75780.png,1,19.633333333333333,60%,62.3%,11.6%,14.9%,13.4%,0,0%,0%,47.9%,47.9%,10%,10.4
181,007553,Olek Balcerowski,26,https://media-cdn.cortextech.io/1dU3kpCqReRp93/1BSdBWIjCjnONz/98c4a713-a23c-48ab-9b5f-a85e335713e6.png,BAR,BAR,FC Barcelona,https://media-cdn.incrowdsports.com/35dfa503-e417-481f-963a-bdf6f013763e.png,1,25.116666666666667,75%,86.8%,4.8%,15.4%,10%,2,22.8%,11.4%,45.7%,0%,100%,8.8
181,009733,Tonye Jekiri,32,https://media-cdn.cortextech.io/1dU3kpCqReRp93/1BSdBWIjCjnONz/ab062502-8a00-4f63-9eab-e01819440e8b.png,PAR,PAR,Partizan Mozzart Bet Belgrade,https://media-cdn.incrowdsports.com/2681304e-77dd-4331-88b1-683078c0fb49.png,1,20.3,66.7%,73.5%,0%,7%,3.4%,1.5,30.7%,20.5%,30.7%,0%,133.3%,9.8
181,007866,Konstantinos Mitoglou,30,https://media-cdn.cortextech.io/1dU3kpCqReRp93/1BSdBWIjCjnONz/90d5376e-f240-4e2f-93d5-3fca317e5301.png,PAN,PAO,Panathinaikos AKTOR Athens,https://media-cdn.incrowdsports.com/e3dff28a-9ec6-4faf-9d96-ecbc68f75780.png,1,18.116666666666667,50%,59%,18.9%,16.2%,17.4%,0,0%,9.7%,67.8%,9.7%,37.5%,10.3
181,007230,Tadas Sedekerskis,28,https://media-cdn.cortextech.io/1dU3kpCqReRp93/1BSdBWIjCjnONy/6d9e7b46-0476-4952-bef8-584efabcd9da.png,BAS,KBA,Baskonia Vitoria-Gasteiz,https://media-cdn.cortextech.io/cbc49cb0-99ce-4462-bdb7-56983ee03cf4.png,1,20.016666666666666,107.1%,107.1%,0%,14.3%,5.3%,0,0%,0%,57.1%,42.9%,0%,7
181,007831,Shavon Shields,32,https://media-cdn.cortextech.io/1dU3kpCqReRp93/1BSdBWIjCjnONy/696f7e80-c1c7-41d6-a64c-c187bdd6ed4d.png,ULK,FBT,Fenerbahce Istanbul,https://media-cdn.cortextech.io/1dU3kpCqReRp93/1BSdBWIjCiezrk/aa39750a-6203-49ee-a87d-edd0c6f0397d.png,1,26.816666666666666,50%,58.8%,0%,7.3%,3.9%,0,22.7%,0%,45.5%,15.2%,62.5%,13.2
181,014009,Lamar Stevens,29,https://media-cdn.cortextech.io/1dU3kpCqReRp93/1BSdBWIjCjnONz/5add268d-bb5b-4c7d-934a-5214df1f201a.png,PAR,PAR,Partizan Mozzart Bet Belgrade,https://media-cdn.incrowdsports.com/2681304e-77dd-4331-88b1-683078c0fb49.png,1,23.55,50%,52.7%,0%,30.3%,14.6%,0,0%,0%,86.2%,9.6%,10%,10.4
181,015151,Jacob Toppin,26,https://media-cdn.cortextech.io/1dU3kpCqReRp93/1BSdBWIjCjnOS3/ab75cdba-6b5b-4813-9777-cb7499db4341.png,HTA,HTA,Hapoel Tel Aviv,https://media-cdn.incrowdsports.com/cbb1c3ad-03d5-426a-b5ef-2832a4eee484.png,1,23.25,91.7%,91.7%,9.6%,5.2%,7.5%,0,0%,0%,83.3%,16.7%,0%,6
181,007982,Nigel Williams-Goss,32,https://media-cdn.cortextech.io/1dU3kpCqReRp93/1BSdBWIjCjnONz/9f214a9f-c921-4175-abe6-7099abffeb35.png,ZAL,ZAL,Zalgiris Kaunas,https://media-cdn.incrowdsports.com/0aa09358-3847-4c4e-b228-3582ee4e536d.png,1,25.333333333333332,50%,52.1%,0%,6.6%,3.7%,2,26.7%,13.4%,49%,8.9%,7.7%,22.4
181,004554,Ante Zizic,29,https://media-cdn.cortextech.io/1dU3kpCqReRp93/1BSdBWIjCjnONy/17184188-fa8a-44d6-b2d7-ec3267572455.png,BES,BJK,Besiktas Istanbul,https://media-cdn.cortextech.io/1dU3kpCqReRp93/1BSdBWIjChWbHH/b05e3c54-e672-4b31-9f86-c91e9de7715c.png,1,15.8,100%,86.2%,30.7%,21.1%,25.7%,0,0%,0%,43.1%,0%,300%,2.3
190,013855,Umoja Gibson,28,https://media-cdn.cortextech.io/1dU3kpCqReRp93/1BSdBWIjCjnONz/953aae61-f795-4df6-b558-ea91b4f9d7e5.png,BAR,BAR,FC Barcelona,https://media-cdn.incrowdsports.com/35dfa503-e417-481f-963a-bdf6f013763e.png,1,17.666666666666668,83.3%,83.3%,13.7%,29.2%,21.2%,0,25%,0%,25%,50%,0%,8
190,004004,Marko Guduric,31,https://media-cdn.cortextech.io/1dU3kpCqReRp93/1BSdBWIjCjnONy/afc60d0e-cb89-47a5-969c-95d4c14d883b.png,MIL,MIL,Armani Olimpia Milan,https://media-cdn.cortextech.io/1dU3kpCqReRp93/1BSdBWIjChWbHH/5c2f0ab6-f86a-4df0-b2f3-f9ab92f7267b.png,1,29.333333333333332,65.4%,65.4%,0%,13.6%,7.1%,2.5,25%,10%,35%,30%,0%,20
190,014124,Talen Horton Tucker,26,https://media-cdn.cortextech.io/1dU3kpCqReRp93/1BSdBWIjCjnONy/4c8a9b8b-d490-490a-839f-507390c765c4.png,ULK,FBT,Fenerbahce Istanbul,https://media-cdn.cortextech.io/1dU3kpCqReRp93/1BSdBWIjCiezrk/aa39750a-6203-49ee-a87d-edd0c6f0397d.png,1,22.933333333333334,57.1%,70.7%,0%,12.8%,6.8%,0.5,8.2%,16.4%,32.8%,24.6%,71.4%,12.2
190,011981,Tyrique Jones,29,https://media-cdn.cortextech.io/1dU3kpCqReRp93/1BSdBWIjCjnONy/d4eeb2e8-2276-4d18-8ba5-1c4a7cbd6bc7.png,OLY,OLY,Olympiacos Piraeus,https://media-cdn.incrowdsports.com/789423ac-3cdf-4b89-b11c-b458aa5f59a6.png,1,12.116666666666667,55.6%,60.7%,47.2%,27.5%,34.7%,0,0%,9.2%,82.7%,0%,22.2%,10.9
190,014207,Eugene Omoruyi,29,https://media-cdn.cortextech.io/1dU3kpCqReRp93/1BSdBWIjCjnONy/953f26c1-239a-45b6-b0a1-759f378b9168.png,BES,BJK,Besiktas Istanbul,https://media-cdn.cortextech.io/1dU3kpCqReRp93/1BSdBWIjChWbHH/b05e3c54-e672-4b31-9f86-c91e9de7715c.png,1,26.266666666666666,50%,58.5%,0%,16.9%,8.8%,0.8,13.9%,18.6%,23.2%,27.9%,72.7%,21.5
195,009992,Dario Brizuela,32,https://media-cdn.cortextech.io/1dU3kpCqReRp93/1BSdBWIjCjnONz/ce0ebb86-2c93-4aa6-8892-9ef1334d2d45.png,BAR,BAR,FC Barcelona,https://media-cdn.incrowdsports.com/35dfa503-e417-481f-963a-bdf6f013763e.png,1,19.383333333333333,95%,91.9%,0%,13.3%,6.4%,0,0%,21.6%,43.2%,28.8%,20%,13.9
195,011205,Devon Hall,31,https://media-cdn.cortextech.io/1dU3kpCqReRp93/1BSdBWIjCjnONy/f1f593da-33f7-4d2f-a4f7-7b8ec129e4ad.png,MIL,MIL,Armani Olimpia Milan,https://media-cdn.cortextech.io/1dU3kpCqReRp93/1BSdBWIjChWbHH/5c2f0ab6-f86a-4df0-b2f3-f9ab92f7267b.png,1,27.866666666666667,59.1%,59.1%,5.1%,19.1%,12.4%,3,20%,6.7%,33.3%,40%,0%,15
195,011052,Yam Madar,26,https://media-cdn.cortextech.io/1dU3kpCqReRp93/1BSdBWIjCjnOO0/2ed6fb94-2e87-467d-89f6-67500e3e76b8.png,TEL,MTA,Maccabi Rapyd Tel Aviv,https://media-cdn.cortextech.io/1b533342-78f5-4932-b714-a7d80b5826b5.png,1,25.966666666666665,68.8%,66.6%,0%,13.6%,6.9%,2,36.8%,18.4%,9.2%,27.6%,50%,21.8
195,007027,Theo Maledon,25,https://media-cdn.cortextech.io/1dU3kpCqReRp93/1BSdBWIjCjnONy/e8d4ca4d-ec7c-4c52-a066-a418b3560d55.png,MAD,RMB,Real Madrid,https://media-cdn.incrowdsports.com/371b0d9b-9250-4c09-bda7-0686cf024657.png,1,22.3,44.4%,51.1%,0%,18.4%,9.6%,0,35.8%,0%,47.7%,6%,44.4%,16.8
195,011219,Roman Sorkin,30,https://media-cdn.cortextech.io/1dU3kpCqReRp93/1BSdBWIjCjnOS3/c056fe88-30e4-4adf-81b8-5817e9132d13.png,TEL,MTA,Maccabi Rapyd Tel Aviv,https://media-cdn.cortextech.io/1b533342-78f5-4932-b714-a7d80b5826b5.png,1,24.166666666666668,72.2%,68.9%,10%,14.6%,12.4%,2,16.1%,8%,56.3%,16.1%,11.1%,12.4
200,015161,Marc-Owen Fodzo Dada,20,https://media-cdn.cortextech.io/1dU3kpCqReRp93/1BSdBWIjCjnOS3/d613be61-305f-4b48-9c51-5fc31e1011d6.png,ASV,ASV,LDLC ASVEL Villeurbanne,https://media-cdn.incrowdsports.com/e33c6d1a-95ca-4dbc-b8cb-0201812104cc.png,1,21.533333333333335,100%,78.1%,0%,5.6%,2.8%,1.2,27.8%,22.3%,16.7%,11.1%,180%,18
200,014734,A.j. Lawson,26,https://media-cdn.cortextech.io/1dU3kpCqReRp93/1BSdBWIjCjnONy/a9426b8e-4e4a-4d16-ae5c-c14540a8f11f.png,BAS,KBA,Baskonia Vitoria-Gasteiz,https://media-cdn.cortextech.io/cbc49cb0-99ce-4462-bdb7-56983ee03cf4.png,1,25.833333333333332,53.8%,62.2%,6.5%,11.1%,8.1%,2,10.5%,5.2%,21%,47.2%,53.8%,19.1
200,000796,Nikola Mirotic,35,https://media-cdn.cortextech.io/1dU3kpCqReRp93/1BSdBWIjCjnOS3/462f95d2-206b-4f18-ab15-75db265d6953.png,PAM,VBC,Valencia Basket,https://media-cdn.cortextech.io/1dU3kpCqReRp93/1BSdBWIjChWbHL/bc3e00b2-fea4-40be-a7ec-1e633129bde3.png,1,13.75,58.3%,75.2%,8.1%,17.6%,12.6%,0,0%,0%,34.7%,34.7%,100%,8.6
200,011217,Kameron Taylor,32,https://media-cdn.cortextech.io/1dU3kpCqReRp93/1BSdBWIjCjnONy/3b0e8ccd-7ede-4942-9275-87284f367e54.png,PAM,VBC,Valencia Basket,https://media-cdn.cortextech.io/1dU3kpCqReRp93/1BSdBWIjChWbHL/bc3e00b2-fea4-40be-a7ec-1e633129bde3.png,1,23.616666666666667,75%,73.2%,4.7%,30.8%,17.2%,2,17.9%,8.9%,44.6%,8.9%,83.3%,11.2
200,007201,Johannes Voigtmann,34,https://media-cdn.cortextech.io/1dU3kpCqReRp93/1BSdBWIjCjnONy/28518dcb-f41d-4ea7-b76c-8217072ca3d2.png,MUN,BAY,FC Bayern Munich,https://media-cdn.incrowdsports.com/817b0e58-d595-4b09-ab0b-1e7cc26249ff.png,1,19.066666666666666,100%,102.5%,12.7%,17.5%,15.2%,0,38.1%,0%,12.7%,38.1%,50%,7.9
205,007975,Sylvain Francisco,29,https://media-cdn.cortextech.io/1dU3kpCqReRp93/1BSdBWIjCjnOS1/e5467e2c-9009-4189-8e8b-35d8347f5b54.png,PAN,PAO,Panathinaikos AKTOR Athens,https://media-cdn.incrowdsports.com/e3dff28a-9ec6-4faf-9d96-ecbc68f75780.png,1,21.883333333333333,68.2%,73.1%,0%,8.9%,4.8%,1,19.7%,19.7%,19.7%,34.4%,27.3%,20.3
205,015163,Patty Mills,38,https://media-cdn.cortextech.io/1dU3kpCqReRp93/1BSdBWIjCjnOS3/5ba43974-6f81-4a02-8adb-ee2fa6b5ea74.png,ASV,ASV,LDLC ASVEL Villeurbanne,https://media-cdn.incrowdsports.com/e33c6d1a-95ca-4dbc-b8cb-0201812104cc.png,1,23.816666666666666,68.8%,76.8%,0%,5.1%,2.5%,1.5,20.3%,13.6%,13.6%,40.7%,50%,14.8
207,010042,Jean Montero,23,https://media-cdn.cortextech.io/1dU3kpCqReRp93/1BSdBWIjCjnONy/a67a26a1-5ce5-4dad-801b-a2ca76c83d72.png,OLY,OLY,Olympiacos Piraeus,https://media-cdn.incrowdsports.com/789423ac-3cdf-4b89-b11c-b458aa5f59a6.png,1,19.75,50%,59.3%,0%,21.1%,13.3%,1.7,24.2%,14.5%,24.2%,24.2%,60%,20.6
207,004508,Andreas Obst,30,https://media-cdn.cortextech.io/1dU3kpCqReRp93/1BSdBWIjCjnONy/735bad25-9548-4914-ab3b-81729ee9d61c.png,MUN,BAY,FC Bayern Munich,https://media-cdn.incrowdsports.com/817b0e58-d595-4b09-ab0b-1e7cc26249ff.png,1,27.8,77.3%,77.1%,0%,8%,4.2%,0,14%,0%,34.9%,41.9%,27.3%,14.3
209,006835,Jaylen Hoard,27,https://media-cdn.cortextech.io/1dU3kpCqReRp93/1BSdBWIjCjnOS3/f984c4c4-4a29-4483-8f55-b6bb6bb0e2a0.png,TEL,MTA,Maccabi Rapyd Tel Aviv,https://media-cdn.cortextech.io/1b533342-78f5-4932-b714-a7d80b5826b5.png,1,28.55,68.2%,68.2%,8.5%,16.5%,12.5%,0,0%,8.3%,58.3%,33.3%,0%,12
209,012608,Tj Shorts,29,https://media-cdn.cortextech.io/1dU3kpCqReRp93/1BSdBWIjCjnONy/9fa5bf1b-8cb1-4875-8ac7-42ec4173ec8b.png,PAM,VBC,Valencia Basket,https://media-cdn.cortextech.io/1dU3kpCqReRp93/1BSdBWIjChWbHL/bc3e00b2-fea4-40be-a7ec-1e633129bde3.png,1,23.55,60%,62.3%,0%,5.1%,2.5%,1,8%,8%,68.3%,12.1%,10%,24.9
209,003958,Johannes Thiemann,32,https://media-cdn.cortextech.io/1dU3kpCqReRp93/1BSdBWIjCjnONy/433d3d49-72bc-4d2e-b2e4-7e0af18677d6.png,MUN,BAY,FC Bayern Munich,https://media-cdn.incrowdsports.com/817b0e58-d595-4b09-ab0b-1e7cc26249ff.png,1,19.033333333333335,62.5%,70.5%,12.7%,29.2%,21.3%,0.5,7.3%,14.7%,44%,14.7%,75%,13.6
212,008829,Alec Peters,31,https://media-cdn.cortextech.io/1dU3kpCqReRp93/1BSdBWIjCjnONy/246ecdad-02e8-4cd5-8fe2-4d2cc3a57d3d.png,MIL,MIL,Armani Olimpia Milan,https://media-cdn.cortextech.io/1dU3kpCqReRp93/1BSdBWIjChWbHH/5c2f0ab6-f86a-4df0-b2f3-f9ab92f7267b.png,1,30.166666666666668,85.7%,92.4%,4.7%,4.4%,4.6%,1,8.9%,8.9%,44.6%,17.9%,71.4%,11.2
213,014168,Braxton Key,29,https://media-cdn.cortextech.io/1dU3kpCqReRp93/1BSdBWIjCjnONy/3f004905-928d-4e58-a51f-a19b0aa852e5.png,ULK,FBT,Fenerbahce Istanbul,https://media-cdn.cortextech.io/1dU3kpCqReRp93/1BSdBWIjCiezrk/aa39750a-6203-49ee-a87d-edd0c6f0397d.png,1,24.8,80%,72%,13.4%,27.5%,20.9%,3,25.8%,8.6%,43%,0%,120%,11.6
213,009862,Kevin Punter,33,https://media-cdn.cortextech.io/1dU3kpCqReRp93/1BSdBWIjCjnONz/675c5bac-7d19-44f6-944d-3c7373e09f3d.png,BAR,BAR,FC Barcelona,https://media-cdn.incrowdsports.com/35dfa503-e417-481f-963a-bdf6f013763e.png,1,25.15,66.7%,71.3%,0%,5.1%,2.5%,1,6.5%,6.5%,58.7%,19.6%,25%,15.3
215,008192,Azuolas Tubelis,24,https://media-cdn.cortextech.io/1dU3kpCqReRp93/1BSdBWIjCjnONz/0f86bd76-5ed2-47f4-b8ef-0bc5a88238d8.png,ZAL,ZAL,Zalgiris Kaunas,https://media-cdn.incrowdsports.com/0aa09358-3847-4c4e-b228-3582ee4e536d.png,1,27.266666666666666,40%,42.5%,11.9%,27.5%,20.7%,4,23.9%,6%,47.7%,11.9%,40%,16.8
216,005985,Mike James,36,https://media-cdn.cortextech.io/1dU3kpCqReRp93/1BSdBWIjCjnONz/286b3dbb-72aa-4f86-aa59-d254a86448c5.png,IST,EFS,Anadolu Efes Istanbul,https://media-cdn.cortextech.io/1dU3kpCqReRp93/1BSdBWIjCgOCxM/a844756c-a58d-4666-93b8-48f7337bc79d.png,1,31.833333333333332,57.7%,66.6%,0%,15.2%,7.9%,1,18.9%,18.9%,37.7%,11.3%,61.5%,26.5
216,000898,Jonas Valanciunas,34,https://media-cdn.cortextech.io/1dU3kpCqReRp93/1BSdBWIjCjnOS3/45d32050-e6bf-4010-87fb-238db1c6b9ca.png,ZAL,ZAL,Zalgiris Kaunas,https://media-cdn.incrowdsports.com/0aa09358-3847-4c4e-b228-3582ee4e536d.png,1,21.616666666666667,66.7%,68.9%,5%,27%,17.4%,2,16.1%,8%,72.3%,0%,11.1%,12.4
218,015166,Jae Crowder,36,https://media-cdn.cortextech.io/1dU3kpCqReRp93/1BSdBWIjCjnOS3/40639706-c3c2-478d-9d64-e0e5f20ab561.png,ASV,ASV,LDLC ASVEL Villeurbanne,https://media-cdn.incrowdsports.com/e33c6d1a-95ca-4dbc-b8cb-0201812104cc.png,1,24.866666666666667,80%,80.8%,0%,19.5%,9.6%,4,23.9%,6%,29.8%,29.8%,40%,16.8
218,010568,Chris Jones,33,https://media-cdn.cortextech.io/1dU3kpCqReRp93/1BSdBWIjCjnONz/2c65eadb-a044-456e-ba03-db9c4790c25d.png,RED,CZV,Crvena Zvezda Meridianbet Belgrade,https://media-cdn.incrowdsports.com/d2eef4a8-62df-4fdd-9076-276004268515.png,1,18.733333333333334,81.2%,84.5%,4.4%,5.8%,5%,0,47.4%,0%,35.5%,11.8%,25%,16.9
220,003112,Dario Saric,32,https://media-cdn.cortextech.io/1dU3kpCqReRp93/1BSdBWIjCjnONz/afdb2e3e-694e-44f2-a8d9-d97aa89dd86e.png,IST,EFS,Anadolu Efes Istanbul,https://media-cdn.cortextech.io/1dU3kpCqReRp93/1BSdBWIjCgOCxM/a844756c-a58d-4666-93b8-48f7337bc79d.png,1,29.316666666666666,64.3%,77.6%,0%,20.7%,10.7%,2,14.3%,7.2%,21.5%,28.7%,128.6%,14
221,003842,Mathias Lessort,31,https://media-cdn.cortextech.io/1dU3kpCqReRp93/1BSdBWIjCjnONz/c1a76676-300c-4059-9a26-bc18e0b35c9f.png,PAN,PAO,Panathinaikos AKTOR Athens,https://media-cdn.incrowdsports.com/e3dff28a-9ec6-4faf-9d96-ecbc68f75780.png,1,21.883333333333333,28.6%,61.1%,15.7%,26.7%,21.6%,0.5,10.9%,21.9%,38.3%,0%,171.4%,18.3
222,009849,Tyler Dorsey,30,https://media-cdn.cortextech.io/1dU3kpCqReRp93/1BSdBWIjCjnONy/6faa6ab7-bfe2-4651-b381-c61e9da117fb.png,OLY,OLY,Olympiacos Piraeus,https://media-cdn.incrowdsports.com/789423ac-3cdf-4b89-b11c-b458aa5f59a6.png,1,22.75,90.9%,94.7%,0%,7.3%,4.6%,0,7%,0%,35.2%,42.3%,45.5%,14.2
223,003469,Sasha Vezenkov,31,https://media-cdn.cortextech.io/1dU3kpCqReRp93/1BSdBWIjCjnONy/f65c52c5-542f-4796-8dc6-b46cc9a6f3d5.png,OLY,OLY,Olympiacos Piraeus,https://media-cdn.incrowdsports.com/789423ac-3cdf-4b89-b11c-b458aa5f59a6.png,1,19,80%,87%,7.5%,17.5%,13.9%,1,6.8%,6.8%,61.5%,6.8%,60%,14.6
224,011286,Dwayne Bacon,31,https://media-cdn.cortextech.io/1dU3kpCqReRp93/1BSdBWIjCjnONy/849bf907-264a-4094-b7ea-00d3f048eecb.png,DUB,DUB,Dubai Basketball,https://media-cdn.incrowdsports.com/1efae090-16e2-4963-ae47-4b94f249c244.png,1,29.066666666666666,69.2%,74.6%,3.5%,15.3%,9.2%,4,19%,4.7%,52.2%,9.5%,53.8%,21.1
225,012788,Dan Oturu,27,https://media-cdn.cortextech.io/1dU3kpCqReRp93/1BSdBWIjCjnOO0/4f6f71f3-8978-49e7-9c3f-313c81ae0339.png,HTA,HTA,Hapoel Tel Aviv,https://media-cdn.incrowdsports.com/cbb1c3ad-03d5-426a-b5ef-2832a4eee484.png,1,29.066666666666666,90.9%,90.9%,19.1%,29.2%,23.9%,1,17.6%,17.6%,64.7%,0%,0%,17
226,013369,Carlik Jones,29,https://media-cdn.cortextech.io/1dU3kpCqReRp93/1BSdBWIjCjnONz/18dc2e86-95e0-4c68-a949-f6897d477f8b.png,PAR,PAR,Partizan Mozzart Bet Belgrade,https://media-cdn.incrowdsports.com/2681304e-77dd-4331-88b1-683078c0fb49.png,1,26.866666666666667,72.7%,78.4%,9.9%,10.6%,10.3%,0,43.9%,0%,22%,26.4%,36.4%,22.8
