gamecode,jornada,date,live,player_id,is_starter,is_playing,team,dorsal,player,jugador,minutes,points,field_goals_made2,field_goals_attempted2,field_goals_made3,field_goals_attempted3,free_throws_made,free_throws_attempted,offensive_rebounds,defensive_rebounds,total_rebounds,assistances,steals,turnovers,blocks_favour,blocks_against,fouls_commited,fouls_received,valuation,plusminus,team_name,opp_team_name
3,1,2026-09-24 16:00:00,FALSE,P015151,0,1,HTA,0,"TOPPIN, JACOB",Jacob Toppin,23:15,11,4,5,1,1,0,0,2,1,3,0,2,0,1,0,2,0,14,2,HAPOEL IBI TEL AVIV,FC BAYERN MUNICH
3,1,2026-09-24 16:00:00,FALSE,P015152,0,0,HTA,1,"GERMAN, EUGENE",Eugene German,13:19,8,1,3,2,4,0,0,0,0,0,0,0,1,0,0,1,0,2,-2,HAPOEL IBI TEL AVIV,FC BAYERN MUNICH
3,1,2026-09-24 16:00:00,FALSE,P013402,0,1,HTA,2,"BLAKENEY, ANTONIO",Antonio Blakeney,27:21,11,2,4,2,8,1,1,0,2,2,2,0,1,0,0,1,2,7,1,HAPOEL IBI TEL AVIV,FC BAYERN MUNICH
3,1,2026-09-24 16:00:00,FALSE,P009846,1,1,HTA,3,"BRYANT, ELIJAH",Elijah Bryant,29:11,10,4,5,0,4,2,2,0,2,2,3,0,2,0,0,2,7,13,1,HAPOEL IBI TEL AVIV,FC BAYERN MUNICH
3,1,2026-09-24 16:00:00,FALSE,P004846,0,0,HTA,10,"TIMOR, BAR",Bar Timor,DNP,0,0,0,0,0,0,0,0,0,0,0,0,0,0,0,0,0,0,0,HAPOEL IBI TEL AVIV,FC BAYERN MUNICH
3,1,2026-09-24 16:00:00,FALSE,P013284,1,0,HTA,12,"WAINRIGHT, ISH",Ish Wainright,16:45,2,1,3,0,2,0,0,2,2,4,1,2,2,1,0,1,1,4,-4,HAPOEL IBI TEL AVIV,FC BAYERN MUNICH
3,1,2026-09-24 16:00:00,FALSE,P002939,0,0,HTA,13,"SATORANSKY, TOMAS",Tomas Satoransky,15:55,0,0,1,0,0,0,0,0,2,2,1,0,1,0,0,1,0,0,-15,HAPOEL IBI TEL AVIV,FC BAYERN MUNICH
3,1,2026-09-24 16:00:00,FALSE,P008987,1,0,HTA,16,"LEDAY, ZACH",Zach Leday,12:26,8,1,3,1,2,3,3,1,3,4,0,0,0,0,0,0,4,13,-3,HAPOEL IBI TEL AVIV,FC BAYERN MUNICH
3,1,2026-09-24 16:00:00,FALSE,P011823,0,0,HTA,21,"ODIASE, TAI",Tai Odiase,06:24,0,0,0,0,0,0,0,0,1,1,0,1,1,0,0,2,2,1,4,HAPOEL IBI TEL AVIV,FC BAYERN MUNICH
3,1,2026-09-24 16:00:00,FALSE,P002580,1,1,HTA,22,"MICIC, VASILIJE",Vasilije Micic,26:20,14,2,8,1,5,7,7,0,2,2,3,0,3,0,1,4,5,6,6,HAPOEL IBI TEL AVIV,FC BAYERN MUNICH
3,1,2026-09-24 16:00:00,FALSE,P012788,1,1,HTA,25,"OTURU, DAN",Dan Oturu,29:04,20,10,11,0,0,0,0,5,7,12,3,2,3,2,0,4,1,32,0,HAPOEL IBI TEL AVIV,FC BAYERN MUNICH
3,1,2026-09-24 16:00:00,FALSE,P012096,0,0,HTA,51,"CABOCLO, BRUNO",Bruno Caboclo,DNP,0,0,0,0,0,0,0,0,0,0,0,0,0,0,0,0,0,0,0,HAPOEL IBI TEL AVIV,FC BAYERN MUNICH
3,1,2026-09-24 16:00:00,FALSE,P014134,1,1,MUN,0,"NORRIS, MILES",Miles Norris,21:52,4,2,2,0,2,0,0,2,2,4,0,1,3,1,0,3,0,2,4,FC BAYERN MUNICH,HAPOEL IBI TEL AVIV
3,1,2026-09-24 16:00:00,FALSE,P011244,0,0,MUN,1,"DA SILVA, OSCAR",Oscar Da Silva,09:13,0,0,0,0,1,0,0,0,0,0,1,0,0,0,0,0,1,1,-6,FC BAYERN MUNICH,HAPOEL IBI TEL AVIV
3,1,2026-09-24 16:00:00,FALSE,P014732,1,1,MUN,3,"BEAUCHAMP, MARJON",Marjon Beauchamp,21:43,8,1,6,2,3,0,0,0,3,3,2,3,2,0,1,3,1,5,9,FC BAYERN MUNICH,HAPOEL IBI TEL AVIV
3,1,2026-09-24 16:00:00,FALSE,P007201,0,1,MUN,7,"VOIGTMANN, JOHANNES",Johannes Voigtmann,19:04,10,1,1,2,3,2,2,2,3,5,3,0,0,0,0,1,1,17,7,FC BAYERN MUNICH,HAPOEL IBI TEL AVIV
3,1,2026-09-24 16:00:00,FALSE,P010726,0,1,MUN,8,"JENSEN, TOBIAS",Tobias Jensen,16:00,5,1,2,0,1,3,3,1,0,1,1,2,2,0,0,1,2,6,12,FC BAYERN MUNICH,HAPOEL IBI TEL AVIV
3,1,2026-09-24 16:00:00,FALSE,P013290,0,0,MUN,10,"JESSUP, JUSTINIAN",Justinian Jessup,15:21,11,2,3,2,4,1,1,0,0,0,0,1,0,0,1,0,1,9,-4,FC BAYERN MUNICH,HAPOEL IBI TEL AVIV
3,1,2026-09-24 16:00:00,FALSE,P001288,0,0,MUN,11,"LUCIC, VLADIMIR",Vladimir Lucic,10:34,0,0,1,0,0,0,0,0,1,1,1,0,0,0,0,1,1,1,-8,FC BAYERN MUNICH,HAPOEL IBI TEL AVIV
3,1,2026-09-24 16:00:00,FALSE,P004508,1,0,MUN,13,"OBST, ANDREAS",Andreas Obst,27:48,19,4,5,3,6,2,3,0,2,2,2,0,0,0,0,2,3,19,6,FC BAYERN MUNICH,HAPOEL IBI TEL AVIV
3,1,2026-09-24 16:00:00,FALSE,P009513,1,0,MUN,21,"HOLLATZ, JUSTUS",Justus Hollatz,09:56,2,1,2,0,2,0,0,0,0,0,3,1,0,0,0,4,0,-1,5,FC BAYERN MUNICH,HAPOEL IBI TEL AVIV
3,1,2026-09-24 16:00:00,FALSE,P007519,0,0,MUN,31,"JOKUBAITIS, ROKAS",Rokas Jokubaitis,18:36,6,2,7,0,0,2,2,0,1,1,6,1,1,0,1,1,2,8,-14,FC BAYERN MUNICH,HAPOEL IBI TEL AVIV
3,1,2026-09-24 16:00:00,FALSE,P003958,0,1,MUN,32,"THIEMANN, JOHANNES",Johannes Thiemann,19:02,15,5,6,0,2,5,6,2,5,7,1,0,2,0,0,2,5,20,4,FC BAYERN MUNICH,HAPOEL IBI TEL AVIV
3,1,2026-09-24 16:00:00,FALSE,P013278,1,0,MUN,50,"WILEY, AUSTIN",Austin Wiley,10:51,6,2,4,0,0,2,2,1,4,5,0,1,2,0,1,4,1,4,-5,FC BAYERN MUNICH,HAPOEL IBI TEL AVIV
2,1,2026-09-24 16:00:00,FALSE,P011212,1,0,DUB,0,"OKOBO, ELIE",Elie Okobo,30:03,8,4,6,0,2,0,0,1,3,4,4,1,1,0,0,2,1,11,7,DUBAI BASKETBALL,REAL MADRID
2,1,2026-09-24 16:00:00,FALSE,P011286,1,1,DUB,3,"BACON, DWAYNE",Dwayne Bacon,29:04,24,9,11,0,2,6,7,1,4,5,4,0,1,0,0,1,5,31,20,DUBAI BASKETBALL,REAL MADRID
2,1,2026-09-24 16:00:00,FALSE,P011231,0,1,DUB,4,"BLOSSOMGAME, JARON",Jaron Blossomgame,06:02,0,0,0,0,0,0,0,1,0,1,0,0,0,1,0,0,1,3,-1,DUBAI BASKETBALL,REAL MADRID
2,1,2026-09-24 16:00:00,FALSE,P014731,0,0,DUB,6,"MINTZ, DAVION",Davion Mintz,09:47,3,0,1,1,4,0,0,1,0,1,0,0,1,1,1,0,0,-1,-6,DUBAI BASKETBALL,REAL MADRID
2,1,2026-09-24 16:00:00,FALSE,P003458,0,0,DUB,8,"BERTANS, DAVIS",Davis Bertans,10:56,3,0,0,1,2,0,0,0,0,0,0,1,0,0,0,2,0,1,-19,DUBAI BASKETBALL,REAL MADRID
2,1,2026-09-24 16:00:00,FALSE,P014031,0,0,DUB,11,"KONDIC, KOSTA",Kosta Kondic,DNP,0,0,0,0,0,0,0,0,0,0,0,0,0,0,0,0,0,0,0,DUBAI BASKETBALL,REAL MADRID
2,1,2026-09-24 16:00:00,FALSE,P012796,1,1,DUB,17,"KABENGELE, MFIONDU",Mfiondu Kabengele,24:17,9,0,4,2,6,3,4,1,6,7,3,0,2,2,1,0,3,12,12,DUBAI BASKETBALL,REAL MADRID
2,1,2026-09-24 16:00:00,FALSE,P014027,0,1,DUB,21,"DIAKITE, MAMADI",Mamadi Diakite,15:53,6,0,1,2,3,0,0,0,2,2,1,1,0,1,0,3,1,7,-11,DUBAI BASKETBALL,REAL MADRID
2,1,2026-09-24 16:00:00,FALSE,P001133,0,0,DUB,23,"SHENGELIA, TORNIKE",Tornike Shengelia,15:16,5,0,6,1,3,2,2,5,3,8,0,0,2,0,0,2,2,3,-8,DUBAI BASKETBALL,REAL MADRID
2,1,2026-09-24 16:00:00,FALSE,P012606,1,0,DUB,25,"WRIGHT IV, MCKINLEY",Mckinley Wright IV,24:07,12,3,6,1,2,3,5,2,3,5,3,0,3,0,1,3,2,9,5,DUBAI BASKETBALL,REAL MADRID
2,1,2026-09-24 16:00:00,FALSE,P011194,1,1,DUB,30,"PETRUSEV, FILIP",Filip Petrusev,18:52,3,0,3,1,1,0,0,2,4,6,2,0,0,0,1,1,2,8,10,DUBAI BASKETBALL,REAL MADRID
2,1,2026-09-24 16:00:00,FALSE,P008855,0,0,DUB,44,"WALKUP, THOMAS",Thomas Walkup,15:43,5,1,2,1,3,0,0,0,0,0,0,0,2,0,1,1,0,-2,-4,DUBAI BASKETBALL,REAL MADRID
2,1,2026-09-24 16:00:00,FALSE,P012080,1,1,MAD,3,"LUWAWU-CABARROT, TIMOTHE",Timothe Luwawu-Cabarrot,21:33,11,3,6,1,3,2,2,0,0,0,0,1,0,0,1,2,1,5,-4,REAL MADRID,DUBAI BASKETBALL
2,1,2026-09-24 16:00:00,FALSE,P010393,1,1,MAD,4,"PRADILLA, JAIME",Jaime Pradilla,20:03,5,1,2,1,2,0,0,0,2,2,0,1,0,0,0,1,1,6,-1,REAL MADRID,DUBAI BASKETBALL
2,1,2026-09-24 16:00:00,FALSE,P003733,1,0,MAD,6,"ABALDE, ALBERTO",Alberto Abalde,14:46,3,0,3,1,2,0,0,0,0,0,1,0,0,0,0,1,0,-1,-3,REAL MADRID,DUBAI BASKETBALL
2,1,2026-09-24 16:00:00,FALSE,P005928,1,1,MAD,7,"CAMPAZZO, FACUNDO",Facundo Campazzo,17:42,6,2,5,0,3,2,2,0,2,2,2,1,1,0,0,1,4,7,-1,REAL MADRID,DUBAI BASKETBALL
2,1,2026-09-24 16:00:00,FALSE,P008384,0,0,MAD,9,"PROCIDA, GABRIELE",Gabriele Procida,03:46,0,0,0,0,0,0,0,0,1,1,0,0,0,0,0,0,0,1,0,REAL MADRID,DUBAI BASKETBALL
2,1,2026-09-24 16:00:00,FALSE,P007027,0,0,MAD,12,"MALEDON, THEO",Theo Maledon,22:18,11,4,8,0,1,3,4,0,4,4,6,1,0,1,1,3,3,16,0,REAL MADRID,DUBAI BASKETBALL
2,1,2026-09-24 16:00:00,FALSE,P009005,0,0,MAD,14,"DECK, GABRIEL",Gabriel Deck,16:30,0,0,0,0,2,0,0,0,1,1,0,0,1,0,0,1,1,-2,2,REAL MADRID,DUBAI BASKETBALL
2,1,2026-09-24 16:00:00,FALSE,P012613,0,0,MAD,20,"JANTUNEN, MIKAEL",Mikael Jantunen,19:57,10,2,2,2,3,0,0,0,1,1,0,0,0,1,0,2,1,10,0,REAL MADRID,DUBAI BASKETBALL
2,1,2026-09-24 16:00:00,FALSE,P005791,1,1,MAD,22,"TAVARES, WALTER",Walter Tavares,21:03,8,4,7,0,0,0,0,2,2,4,0,1,2,1,2,4,2,5,9,REAL MADRID,DUBAI BASKETBALL
2,1,2026-09-24 16:00:00,FALSE,P011247,0,1,MAD,24,"FELIZ, ANDRES",Andres Feliz,23:25,9,3,9,1,2,0,0,1,4,5,4,0,2,1,1,1,0,8,3,REAL MADRID,DUBAI BASKETBALL
2,1,2026-09-24 16:00:00,FALSE,P015103,0,0,MAD,30,"JONES, DAMIAN",Damian Jones,14:49,10,5,7,0,0,0,0,4,1,5,0,0,1,1,0,1,0,12,-7,REAL MADRID,DUBAI BASKETBALL
2,1,2026-09-24 16:00:00,FALSE,P006833,0,0,MAD,33,"SARR, OLIVIER",Olivier Sarr,04:08,4,1,1,0,0,2,3,1,1,2,0,0,0,0,0,0,2,7,-3,REAL MADRID,DUBAI BASKETBALL
1,1,2026-09-24 18:00:00,FALSE,P011157,1,0,RED,0,"MOTLEY, JOHNATHAN",Johnathan Motley,14:08,2,1,5,0,2,0,0,0,0,0,2,0,6,0,0,5,0,-13,-19,CRVENA ZVEZDA MERIDIANBET BELGRADE,ZALGIRIS KAUNAS
1,1,2026-09-24 18:00:00,FALSE,P010568,1,1,RED,1,"JONES, CHRIS",Chris Jones,18:44,15,5,6,1,2,2,2,1,1,2,8,2,0,0,0,1,1,25,3,CRVENA ZVEZDA MERIDIANBET BELGRADE,ZALGIRIS KAUNAS
1,1,2026-09-24 18:00:00,FALSE,P014094,0,0,RED,2,"MILJENOVIC, STEFAN",Stefan Miljenovic,00:20,0,0,0,0,0,0,0,0,0,0,0,0,0,0,0,1,0,-1,0,CRVENA ZVEZDA MERIDIANBET BELGRADE,ZALGIRIS KAUNAS
1,1,2026-09-24 18:00:00,FALSE,P010391,0,0,RED,3,"WEILER-BABB, NICK",Nick Weiler-Babb,21:16,0,0,3,0,1,0,0,1,2,3,3,1,4,0,2,2,1,-4,-9,CRVENA ZVEZDA MERIDIANBET BELGRADE,ZALGIRIS KAUNAS
1,1,2026-09-24 18:00:00,FALSE,P014163,0,0,RED,6,"BUTLER, JARED",Jared Butler,17:13,11,1,4,3,7,0,0,1,1,2,4,0,1,1,0,1,2,11,2,CRVENA ZVEZDA MERIDIANBET BELGRADE,ZALGIRIS KAUNAS
1,1,2026-09-24 18:00:00,FALSE,P011305,1,0,RED,11,"CARTER, TYSON",Tyson Carter,16:09,3,0,1,1,3,0,0,0,3,3,0,1,1,0,1,1,2,3,-13,CRVENA ZVEZDA MERIDIANBET BELGRADE,ZALGIRIS KAUNAS
1,1,2026-09-24 18:00:00,FALSE,P004007,0,0,RED,13,"DOBRIC, OGNJEN",Ognjen Dobric,04:45,0,0,0,0,1,0,0,1,0,1,0,0,0,0,0,1,0,-1,7,CRVENA ZVEZDA MERIDIANBET BELGRADE,ZALGIRIS KAUNAS
1,1,2026-09-24 18:00:00,FALSE,P014029,0,0,RED,15,"IZUNDU, EBUKA",Ebuka Izundu,15:22,7,2,6,0,0,3,4,4,0,4,0,2,0,1,0,3,3,9,3,CRVENA ZVEZDA MERIDIANBET BELGRADE,ZALGIRIS KAUNAS
1,1,2026-09-24 18:00:00,FALSE,P013363,1,1,RED,33,"NWORA, JORDAN",Jordan Nwora,22:02,10,3,8,0,1,4,6,1,4,5,1,0,1,0,2,1,4,8,-5,CRVENA ZVEZDA MERIDIANBET BELGRADE,ZALGIRIS KAUNAS
1,1,2026-09-24 18:00:00,FALSE,P011982,1,1,RED,37,"OJELEYE, SEMI",Semi Ojeleye,24:35,9,1,4,2,3,1,3,2,5,7,1,0,1,0,1,4,4,9,1,CRVENA ZVEZDA MERIDIANBET BELGRADE,ZALGIRIS KAUNAS
1,1,2026-09-24 18:00:00,FALSE,P006482,0,1,RED,44,"KRAMER, DAVID",David Kramer,19:39,11,0,2,3,5,2,2,0,4,4,1,1,0,0,0,4,1,10,-3,CRVENA ZVEZDA MERIDIANBET BELGRADE,ZALGIRIS KAUNAS
1,1,2026-09-24 18:00:00,FALSE,P012201,0,1,RED,95,"MONEKE, CHIMA",Chima Moneke,25:47,9,4,5,0,4,1,2,3,0,3,1,0,0,1,0,2,4,10,3,CRVENA ZVEZDA MERIDIANBET BELGRADE,ZALGIRIS KAUNAS
1,1,2026-09-24 18:00:00,FALSE,P012720,0,1,ZAL,0,"BROWN, STERLING",Sterling Brown,16:19,10,0,0,2,3,4,4,0,2,2,0,0,0,1,0,3,2,11,4,ZALGIRIS KAUNAS,CRVENA ZVEZDA MERIDIANBET BELGRADE
1,1,2026-09-24 18:00:00,FALSE,P007982,1,0,ZAL,1,"WILLIAMS-GOSS, NIGEL",Nigel Williams-Goss,25:20,14,5,11,1,2,1,1,0,2,2,6,2,3,0,1,1,2,14,-1,ZALGIRIS KAUNAS,CRVENA ZVEZDA MERIDIANBET BELGRADE
1,1,2026-09-24 18:00:00,FALSE,P011987,1,1,ZAL,3,"EDWARDS, CARSEN",Carsen Edwards,15:34,13,2,5,2,6,3,3,0,0,0,0,2,1,0,1,3,1,4,3,ZALGIRIS KAUNAS,CRVENA ZVEZDA MERIDIANBET BELGRADE
1,1,2026-09-24 18:00:00,FALSE,P007513,0,0,ZAL,9,"GIEDRAITIS, DOVYDAS",Dovydas Giedraitis,02:05,0,0,0,0,0,0,0,0,0,0,0,0,1,0,0,0,1,0,2,ZALGIRIS KAUNAS,CRVENA ZVEZDA MERIDIANBET BELGRADE
1,1,2026-09-24 18:00:00,FALSE,P008192,1,1,ZAL,10,"TUBELIS, AZUOLAS",Azuolas Tubelis,27:16,10,4,8,0,2,2,4,3,9,12,4,1,1,1,0,0,4,23,4,ZALGIRIS KAUNAS,CRVENA ZVEZDA MERIDIANBET BELGRADE
1,1,2026-09-24 18:00:00,FALSE,P007032,0,0,ZAL,12,"LO, MAODO",Maodo Lo,11:46,3,0,1,1,2,0,0,0,4,4,3,0,3,0,1,1,1,4,4,ZALGIRIS KAUNAS,CRVENA ZVEZDA MERIDIANBET BELGRADE
1,1,2026-09-24 18:00:00,FALSE,P011927,0,0,ZAL,14,"SLEVA, DUSTIN",Dustin Sleva,14:00,7,0,0,2,3,1,4,2,1,3,0,1,0,0,0,3,2,6,0,ZALGIRIS KAUNAS,CRVENA ZVEZDA MERIDIANBET BELGRADE
1,1,2026-09-24 18:00:00,FALSE,P000898,1,0,ZAL,17,"VALANCIUNAS, JONAS",Jonas Valanciunas,21:37,13,6,9,0,0,1,1,1,7,8,2,0,1,3,0,1,3,24,7,ZALGIRIS KAUNAS,CRVENA ZVEZDA MERIDIANBET BELGRADE
1,1,2026-09-24 18:00:00,FALSE,P008186,0,0,ZAL,22,"BLAZEVIC, MAREK",Marek Blazevic,12:59,5,2,4,0,0,1,2,0,2,2,0,0,3,0,0,3,2,0,-1,ZALGIRIS KAUNAS,CRVENA ZVEZDA MERIDIANBET BELGRADE
1,1,2026-09-24 18:00:00,FALSE,P002328,0,0,ZAL,40,"GRIGONIS, MARIUS",Marius Grigonis,12:21,2,1,4,0,1,0,0,0,0,0,2,0,1,1,0,1,1,0,9,ZALGIRIS KAUNAS,CRVENA ZVEZDA MERIDIANBET BELGRADE
1,1,2026-09-24 18:00:00,FALSE,P002676,1,1,ZAL,51,"BUTKEVICIUS, ARNAS",Arnas Butkevicius,24:23,0,0,0,0,0,0,0,4,2,6,1,2,0,0,0,4,1,6,6,ZALGIRIS KAUNAS,CRVENA ZVEZDA MERIDIANBET BELGRADE
1,1,2026-09-24 18:00:00,FALSE,P002329,0,1,ZAL,92,"ULANOVAS, EDGARAS",Edgaras Ulanovas,16:20,6,0,1,0,1,6,8,0,1,1,0,0,1,0,0,1,6,7,-7,ZALGIRIS KAUNAS,CRVENA ZVEZDA MERIDIANBET BELGRADE
7,1,2026-09-24 18:15:00,FALSE,P011209,1,0,PAN,0,"KALAITZAKIS, PANAGIOTIS",Panagiotis Kalaitzakis,19:06,3,0,2,1,3,0,0,1,2,3,2,2,0,0,0,5,1,2,10,PANATHINAIKOS AKTOR ATHENS,PARIS BASKETBALL
7,1,2026-09-24 18:15:00,FALSE,P007975,0,0,PAN,3,"FRANCISCO, SYLVAIN",Sylvain Francisco,21:53,18,3,4,3,7,3,3,0,2,2,4,0,4,0,0,0,3,18,11,PANATHINAIKOS AKTOR ATHENS,PARIS BASKETBALL
7,1,2026-09-24 18:15:00,FALSE,P006544,0,0,PAN,6,"MORAITIS, DIMITRIS",Dimitris Moraitis,DNP,0,0,0,0,0,0,0,0,0,0,0,0,0,0,0,0,0,0,0,PANATHINAIKOS AKTOR ATHENS,PARIS BASKETBALL
7,1,2026-09-24 18:15:00,FALSE,P007527,0,1,PAN,7,"BADIO, BRANCOU",Brancou Badio,20:54,4,1,3,0,0,2,2,0,3,3,2,0,2,1,0,1,2,7,9,PANATHINAIKOS AKTOR ATHENS,PARIS BASKETBALL
7,1,2026-09-24 18:15:00,FALSE,P011085,0,0,PAN,17,"ROGKAVOPOULOS, NIKOLAOS",Nikolaos Rogkavopoulos,DNP,0,0,0,0,0,0,0,0,0,0,0,0,0,0,0,0,0,0,0,PANATHINAIKOS AKTOR ATHENS,PARIS BASKETBALL
7,1,2026-09-24 18:15:00,FALSE,P011204,1,1,PAN,22,"GRANT, JERIAN",Jerian Grant,18:07,7,2,4,1,4,0,0,1,0,1,3,1,0,1,0,1,2,9,8,PANATHINAIKOS AKTOR ATHENS,PARIS BASKETBALL
7,1,2026-09-24 18:15:00,FALSE,P003842,0,0,PAN,26,"LESSORT, MATHIAS",Mathias Lessort,21:53,15,2,7,0,0,11,12,3,6,9,2,2,4,3,1,1,9,28,13,PANATHINAIKOS AKTOR ATHENS,PARIS BASKETBALL
7,1,2026-09-24 18:15:00,FALSE,P010357,1,0,PAN,28,"YABUSELE, GUERSCHON",Guerschon Yabusele,19:38,13,3,5,2,5,1,1,2,3,5,0,1,0,0,0,2,1,13,17,PANATHINAIKOS AKTOR ATHENS,PARIS BASKETBALL
7,1,2026-09-24 18:15:00,FALSE,P006760,0,0,PAN,32,"BONGA, ISAAC",Isaac Bonga,16:56,5,2,2,0,2,1,1,1,1,2,1,0,3,0,0,3,1,1,3,PANATHINAIKOS AKTOR ATHENS,PARIS BASKETBALL
7,1,2026-09-24 18:15:00,FALSE,P012712,0,1,PAN,41,"HERNANGOMEZ, JUANCHO",Juancho Hernangomez,20:22,5,1,1,1,2,0,0,2,4,6,1,2,0,0,0,1,1,13,2,PANATHINAIKOS AKTOR ATHENS,PARIS BASKETBALL
7,1,2026-09-24 18:15:00,FALSE,P007866,1,1,PAN,44,"MITOGLOU, KONSTANTINOS",Konstantinos Mitoglou,18:07,11,4,7,0,1,3,3,3,3,6,0,2,1,0,1,1,2,14,6,PANATHINAIKOS AKTOR ATHENS,PARIS BASKETBALL
7,1,2026-09-24 18:15:00,FALSE,P008084,1,1,PAN,72,"MANTZOUKAS, ELEFTHERIOS",Eleftherios Mantzoukas,23:04,10,2,2,2,5,0,0,0,4,4,1,0,1,3,0,2,0,12,16,PANATHINAIKOS AKTOR ATHENS,PARIS BASKETBALL
7,1,2026-09-24 18:15:00,FALSE,P015168,1,0,PRS,1,"WARREN, TJ",Tj Warren,21:04,9,0,1,3,4,0,0,0,2,2,0,0,2,0,0,2,0,5,-5,PARIS BASKETBALL,PANATHINAIKOS AKTOR ATHENS
7,1,2026-09-24 18:15:00,FALSE,P012640,1,0,PRS,2,"HIFI, NADIR",Nadir Hifi,22:13,11,3,7,1,6,2,3,1,1,2,2,0,3,0,2,0,7,7,7,PARIS BASKETBALL,PANATHINAIKOS AKTOR ATHENS
7,1,2026-09-24 18:15:00,FALSE,P012515,1,0,PRS,3,"TARPEY, TERRY",Terry Tarpey,15:15,0,0,0,0,4,0,0,1,4,5,6,1,1,0,0,2,0,5,8,PARIS BASKETBALL,PANATHINAIKOS AKTOR ATHENS
7,1,2026-09-24 18:15:00,FALSE,P013373,0,1,PRS,4,"CAVALIERE, LEOPOLD",Leopold Cavaliere,15:26,3,0,0,1,1,0,0,1,0,1,2,2,1,0,0,2,0,5,4,PARIS BASKETBALL,PANATHINAIKOS AKTOR ATHENS
7,1,2026-09-24 18:15:00,FALSE,P012611,0,1,PRS,7,"HERRERA, SEBASTIAN",Sebastian Herrera,19:08,9,0,1,3,7,0,0,0,1,1,1,1,0,0,1,0,1,7,-10,PARIS BASKETBALL,PANATHINAIKOS AKTOR ATHENS
7,1,2026-09-24 18:15:00,FALSE,P014178,1,0,PRS,8,"RHODEN, JARED",Jared Rhoden,18:03,11,3,5,1,3,2,2,1,0,1,1,0,4,1,0,3,2,5,-23,PARIS BASKETBALL,PANATHINAIKOS AKTOR ATHENS
7,1,2026-09-24 18:15:00,FALSE,P015143,0,0,PRS,9,"ETIENNE, TYSON",Tyson Etienne,18:49,17,1,3,4,10,3,5,0,1,1,2,0,0,0,3,0,2,9,-18,PARIS BASKETBALL,PANATHINAIKOS AKTOR ATHENS
7,1,2026-09-24 18:15:00,FALSE,P014010,0,0,PRS,13,"DOKOSSI, ALLAN",Allan Dokossi,20:50,4,2,2,0,0,0,0,2,3,5,4,2,2,1,0,2,0,12,1,PARIS BASKETBALL,PANATHINAIKOS AKTOR ATHENS
7,1,2026-09-24 18:15:00,FALSE,P012403,1,0,PRS,15,"FAYE, MOUHAMED",Mouhamed Faye,07:36,0,0,0,0,0,0,0,1,1,2,1,0,0,0,0,5,0,-2,-15,PARIS BASKETBALL,PANATHINAIKOS AKTOR ATHENS
7,1,2026-09-24 18:15:00,FALSE,P010431,0,1,PRS,20,"MORGAN, JEREMY",Jeremy Morgan,11:40,0,0,0,0,3,0,0,1,0,1,0,1,0,0,0,2,0,-3,-8,PARIS BASKETBALL,PANATHINAIKOS AKTOR ATHENS
7,1,2026-09-24 18:15:00,FALSE,P015160,0,1,PRS,24,"JOHNSON, ALIZE",Alize Johnson,14:52,6,3,6,0,0,0,3,0,4,4,0,0,0,0,1,4,4,3,-13,PARIS BASKETBALL,PANATHINAIKOS AKTOR ATHENS
7,1,2026-09-24 18:15:00,FALSE,P011949,0,1,PRS,34,"HOMMES, DAULTON",Daulton Hommes,15:04,2,0,2,0,1,2,2,1,3,4,0,0,2,0,1,0,1,1,-23,PARIS BASKETBALL,PANATHINAIKOS AKTOR ATHENS
4,1,2026-09-24 18:30:00,FALSE,P009862,1,1,BAR,0,"PUNTER, KEVIN",Kevin Punter,25:09,19,5,9,2,3,3,3,0,1,1,1,2,1,0,0,0,5,22,-2,FC BARCELONA,ANADOLU EFES ISTANBUL
4,1,2026-09-24 18:30:00,FALSE,P013855,0,0,BAR,1,"GIBSON, UMOJA",Umoja Gibson,17:40,10,2,2,2,4,0,0,2,4,6,2,0,0,0,0,1,0,15,6,FC BARCELONA,ANADOLU EFES ISTANBUL
4,1,2026-09-24 18:30:00,FALSE,P015138,0,1,BAR,2,"MARTIN, TYRESE",Tyrese Martin,17:34,3,0,2,1,4,0,0,1,2,3,2,0,3,0,0,2,0,-2,5,FC BARCELONA,ANADOLU EFES ISTANBUL
4,1,2026-09-24 18:30:00,FALSE,P015139,1,0,BAR,3,"UMUDE, STANLEY",Stanley Umude,17:42,7,3,5,0,2,1,3,1,2,3,1,1,0,1,0,3,2,6,-1,FC BARCELONA,ANADOLU EFES ISTANBUL
4,1,2026-09-24 18:30:00,FALSE,P014008,1,1,BAR,5,"ROBINSON, JUSTIN",Justin Robinson,22:20,10,1,2,2,5,2,2,0,2,2,2,0,3,0,0,0,3,10,1,FC BARCELONA,ANADOLU EFES ISTANBUL
4,1,2026-09-24 18:30:00,FALSE,P009992,0,0,BAR,8,"BRIZUELA, DARIO",Dario Brizuela,19:23,20,5,6,3,4,1,2,0,2,2,0,1,3,0,0,2,1,16,14,FC BARCELONA,ANADOLU EFES ISTANBUL
4,1,2026-09-24 18:30:00,FALSE,P010062,0,0,BAR,10,"UBAL, AGUSTIN",Agustin Ubal,DNP,0,0,0,0,0,0,0,0,0,0,0,0,0,0,0,0,0,0,0,FC BARCELONA,ANADOLU EFES ISTANBUL
4,1,2026-09-24 18:30:00,FALSE,P015140,0,0,BAR,13,"NKAMHOUA, OLIVIER",Olivier Nkamhoua,14:53,2,1,1,0,0,0,0,4,0,4,0,0,0,0,0,2,2,6,-3,FC BARCELONA,ANADOLU EFES ISTANBUL
4,1,2026-09-24 18:30:00,FALSE,P010106,0,0,BAR,17,"NUNEZ, JUAN",Juan Nunez,DNP,0,0,0,0,0,0,0,0,0,0,0,0,0,0,0,0,0,0,0,FC BARCELONA,ANADOLU EFES ISTANBUL
4,1,2026-09-24 18:30:00,FALSE,P007553,1,1,BAR,22,"BALCEROWSKI, OLEK",Olek Balcerowski,25:07,10,3,4,0,0,4,4,1,3,4,2,0,1,1,0,4,3,14,10,FC BARCELONA,ANADOLU EFES ISTANBUL
4,1,2026-09-24 18:30:00,FALSE,P015142,0,0,BAR,24,"MINAYA, JUSTIN",Justin Minaya,13:27,3,0,0,1,1,0,0,0,1,1,1,0,0,0,0,2,1,4,8,FC BARCELONA,ANADOLU EFES ISTANBUL
4,1,2026-09-24 18:30:00,FALSE,P007464,1,1,BAR,44,"PARRA, JOEL",Joel Parra,26:45,5,1,4,1,6,0,0,0,2,2,3,0,0,1,1,3,1,0,-3,FC BARCELONA,ANADOLU EFES ISTANBUL
4,1,2026-09-24 18:30:00,FALSE,P009754,0,1,IST,3,"LOYD, JORDAN",Jordan Loyd,21:31,2,1,3,0,2,0,0,0,0,0,0,1,1,0,1,4,2,-5,-13,ANADOLU EFES ISTANBUL,FC BARCELONA
4,1,2026-09-24 18:30:00,FALSE,P005368,0,0,IST,4,"YUSTA, SANTI",Santi Yusta,08:46,4,2,3,0,0,0,0,2,0,2,0,0,0,0,0,2,0,3,-6,ANADOLU EFES ISTANBUL,FC BARCELONA
4,1,2026-09-24 18:30:00,FALSE,P003112,1,1,IST,5,"SARIC, DARIO",Dario Saric,29:19,17,3,3,1,4,8,9,0,5,5,2,0,1,0,0,0,7,26,-6,ANADOLU EFES ISTANBUL,FC BARCELONA
4,1,2026-09-24 18:30:00,FALSE,P013943,0,0,IST,11,"RUSSELL, DARON",Daron Russell,04:57,3,1,4,0,1,1,1,0,1,1,1,1,0,0,0,1,1,2,0,ANADOLU EFES ISTANBUL,FC BARCELONA
4,1,2026-09-24 18:30:00,FALSE,P012742,0,0,IST,15,"DOZIER, PJ",Pj Dozier,13:26,3,0,1,1,4,0,0,1,2,3,0,0,0,0,0,2,0,0,-6,ANADOLU EFES ISTANBUL,FC BARCELONA
4,1,2026-09-24 18:30:00,FALSE,P012609,1,0,IST,17,"MALCOLM, COLLIN",Collin Malcolm,17:27,5,2,2,0,1,1,2,1,1,2,2,1,0,0,0,0,1,9,6,ANADOLU EFES ISTANBUL,FC BARCELONA
4,1,2026-09-24 18:30:00,FALSE,P013667,1,1,IST,20,"FERNANDO, BRUNO",Bruno Fernando,17:45,6,3,4,0,0,0,0,0,3,3,0,1,1,0,1,4,0,3,9,ANADOLU EFES ISTANBUL,FC BARCELONA
4,1,2026-09-24 18:30:00,FALSE,P012710,0,0,IST,24,"OSMANI, ERCAN",Ercan Osmani,16:03,6,3,5,0,1,0,0,2,1,3,2,0,1,0,0,1,0,6,-8,ANADOLU EFES ISTANBUL,FC BARCELONA
4,1,2026-09-24 18:30:00,FALSE,P008099,1,1,IST,32,"STRAZEL, MATTHEW",Matthew Strazel,23:23,12,2,5,1,4,5,5,0,2,2,3,1,2,0,1,1,3,11,-5,ANADOLU EFES ISTANBUL,FC BARCELONA
4,1,2026-09-24 18:30:00,FALSE,P006372,0,0,IST,33,"YILMAZ, ERKAN",Erkan Yilmaz,DNP,0,0,0,0,0,0,0,0,0,0,0,0,0,0,0,0,0,0,0,ANADOLU EFES ISTANBUL,FC BARCELONA
4,1,2026-09-24 18:30:00,FALSE,P005985,1,1,IST,55,"JAMES, MIKE",Mike James,31:50,22,6,10,1,3,7,8,0,4,4,5,0,5,1,0,2,6,24,1,ANADOLU EFES ISTANBUL,FC BARCELONA
4,1,2026-09-24 18:30:00,FALSE,P014102,0,0,IST,88,"JONES, KAI",Kai Jones,15:33,2,1,1,0,0,0,0,2,3,5,1,0,0,0,0,1,0,7,-7,ANADOLU EFES ISTANBUL,FC BARCELONA
5,1,2026-09-24 18:30:00,FALSE,P011948,0,0,BAS,0,"HOWARD, MARKUS",Markus Howard,12:30,9,0,1,3,5,0,0,1,0,1,1,0,0,0,1,0,1,8,-11,KOSNER BASKONIA VITORIA-GASTEIZ,OLYMPIACOS PIRAEUS
5,1,2026-09-24 18:30:00,FALSE,P014734,0,1,BAS,1,"LAWSON, A.J.",A.j. Lawson,25:50,20,1,4,4,9,6,7,2,2,4,2,0,1,0,0,3,4,17,-20,KOSNER BASKONIA VITORIA-GASTEIZ,OLYMPIACOS PIRAEUS
5,1,2026-09-24 18:30:00,FALSE,P014152,1,0,BAS,2,"SIMMONS, KOBI",Kobi Simmons,18:08,6,1,4,1,5,1,1,2,0,2,6,0,1,0,1,1,1,5,-1,KOSNER BASKONIA VITORIA-GASTEIZ,OLYMPIACOS PIRAEUS
5,1,2026-09-24 18:30:00,FALSE,P012700,1,0,BAS,3,"STEWART, DJ",Dj Stewart,25:44,8,1,5,2,8,0,0,0,1,1,0,1,0,0,0,2,0,-2,-18,KOSNER BASKONIA VITORIA-GASTEIZ,OLYMPIACOS PIRAEUS
5,1,2026-09-24 18:30:00,FALSE,P014735,1,1,BAS,5,"DUARTE, CHRIS",Chris Duarte,20:03,9,3,4,1,6,0,0,2,3,5,3,2,1,0,0,2,1,11,7,KOSNER BASKONIA VITORIA-GASTEIZ,OLYMPIACOS PIRAEUS
5,1,2026-09-24 18:30:00,FALSE,P014107,0,1,BAS,6,"JOKSIMOVIC, STEFAN",Stefan Joksimovic,09:04,0,0,1,0,1,0,0,0,0,0,3,1,3,0,0,0,0,-1,-14,KOSNER BASKONIA VITORIA-GASTEIZ,OLYMPIACOS PIRAEUS
5,1,2026-09-24 18:30:00,FALSE,P005713,1,0,BAS,7,"KURUCS, RODIONS",Rodions Kurucs,21:21,5,1,5,1,2,0,0,2,2,4,5,4,2,0,0,3,1,9,2,KOSNER BASKONIA VITORIA-GASTEIZ,OLYMPIACOS PIRAEUS
5,1,2026-09-24 18:30:00,FALSE,P007230,1,0,BAS,8,"SEDEKERSKIS, TADAS",Tadas Sedekerskis,20:01,15,3,4,3,3,0,0,0,2,2,0,0,0,0,1,3,2,14,6,KOSNER BASKONIA VITORIA-GASTEIZ,OLYMPIACOS PIRAEUS
5,1,2026-09-24 18:30:00,FALSE,P008173,0,0,BAS,10,"SPAGNOLO, MATTEO",Matteo Spagnolo,15:31,5,1,1,0,2,3,3,2,1,3,3,0,2,0,0,2,2,7,-11,KOSNER BASKONIA VITORIA-GASTEIZ,OLYMPIACOS PIRAEUS
5,1,2026-09-24 18:30:00,FALSE,P014736,0,1,BAS,12,"BAUGH, DAMION",Damion Baugh,13:17,7,1,3,1,2,2,2,1,1,2,2,1,0,0,0,1,1,9,-6,KOSNER BASKONIA VITORIA-GASTEIZ,OLYMPIACOS PIRAEUS
5,1,2026-09-24 18:30:00,FALSE,P014026,0,0,BAS,25,"FRISCH, CLEMENT",Clement Frisch,01:09,0,0,0,0,0,0,0,0,0,0,0,0,0,0,0,0,0,0,-5,KOSNER BASKONIA VITORIA-GASTEIZ,OLYMPIACOS PIRAEUS
5,1,2026-09-24 18:30:00,FALSE,P011284,0,1,BAS,35,"FARIED, KENNETH",Kenneth Faried,17:22,5,2,4,0,1,1,2,1,2,3,0,0,0,0,0,4,3,3,-14,KOSNER BASKONIA VITORIA-GASTEIZ,OLYMPIACOS PIRAEUS
5,1,2026-09-24 18:30:00,FALSE,P009048,1,1,OLY,0,"MILLER-MCINTYRE, CODI",Codi Miller-Mcintyre,19:37,2,1,2,0,2,0,0,0,2,2,6,0,4,0,0,3,2,2,-4,OLYMPIACOS PIRAEUS,KOSNER BASKONIA VITORIA-GASTEIZ
5,1,2026-09-24 18:30:00,FALSE,P012610,1,1,OLY,3,"WARD, TYSON",Tyson Ward,17:46,11,2,5,1,3,4,4,2,1,3,2,1,1,0,0,1,2,12,-8,OLYMPIACOS PIRAEUS,KOSNER BASKONIA VITORIA-GASTEIZ
5,1,2026-09-24 18:30:00,FALSE,P010042,0,0,OLY,8,"MONTERO, JEAN",Jean Montero,19:45,15,2,5,2,5,5,6,0,5,5,5,1,3,0,0,0,3,19,22,OLYMPIACOS PIRAEUS,KOSNER BASKONIA VITORIA-GASTEIZ
5,1,2026-09-24 18:30:00,FALSE,P003469,1,0,OLY,14,"VEZENKOV, SASHA",Sasha Vezenkov,19:00,22,8,9,0,1,6,6,1,4,5,1,0,1,0,0,0,5,30,12,OLYMPIACOS PIRAEUS,KOSNER BASKONIA VITORIA-GASTEIZ
5,1,2026-09-24 18:30:00,FALSE,P001255,0,1,OLY,16,"PAPANIKOLAOU, KOSTAS",Kostas Papanikolaou,13:27,0,0,0,0,0,0,0,0,3,3,1,1,1,1,0,0,0,5,-3,OLYMPIACOS PIRAEUS,KOSNER BASKONIA VITORIA-GASTEIZ
5,1,2026-09-24 18:30:00,FALSE,P009849,1,0,OLY,22,"DORSEY, TYLER",Tyler Dorsey,22:45,25,4,5,4,6,5,5,0,2,2,1,1,0,0,0,0,3,29,13,OLYMPIACOS PIRAEUS,KOSNER BASKONIA VITORIA-GASTEIZ
5,1,2026-09-24 18:30:00,FALSE,P012731,0,0,OLY,24,"NDIAYE, MBAYE",Mbaye Ndiaye,07:35,4,1,1,0,0,2,3,0,0,0,0,0,1,1,0,3,2,2,8,OLYMPIACOS PIRAEUS,KOSNER BASKONIA VITORIA-GASTEIZ
5,1,2026-09-24 18:30:00,FALSE,P003941,0,1,OLY,33,"MILUTINOV, NIKOLA",Nikola Milutinov,09:06,2,0,0,0,0,2,2,0,2,2,0,0,0,0,0,2,1,3,-4,OLYMPIACOS PIRAEUS,KOSNER BASKONIA VITORIA-GASTEIZ
5,1,2026-09-24 18:30:00,FALSE,P014316,0,1,OLY,34,"JOSEPH, CORY",Cory Joseph,15:19,2,1,1,0,1,0,0,0,0,0,0,0,0,0,0,3,0,-2,4,OLYMPIACOS PIRAEUS,KOSNER BASKONIA VITORIA-GASTEIZ
5,1,2026-09-24 18:30:00,FALSE,P011196,1,0,OLY,45,"HALL, DONTA",Donta Hall,18:47,4,2,3,0,0,0,0,3,4,7,1,1,1,1,0,2,2,12,7,OLYMPIACOS PIRAEUS,KOSNER BASKONIA VITORIA-GASTEIZ
5,1,2026-09-24 18:30:00,FALSE,P011981,0,0,OLY,88,"JONES, TYRIQUE",Tyrique Jones,12:07,12,5,9,0,0,2,2,4,4,8,0,0,1,0,0,1,1,15,14,OLYMPIACOS PIRAEUS,KOSNER BASKONIA VITORIA-GASTEIZ
5,1,2026-09-24 18:30:00,FALSE,P013380,0,0,OLY,94,"FOURNIER, EVAN",Evan Fournier,24:46,7,2,2,1,4,0,0,0,1,1,3,1,1,0,0,1,0,7,24,OLYMPIACOS PIRAEUS,KOSNER BASKONIA VITORIA-GASTEIZ
6,1,2026-09-24 18:45:00,FALSE,P013269,0,0,ASV,0,"CALE, MYLES",Myles Cale,09:03,0,0,1,0,2,0,0,0,1,1,1,0,1,0,0,0,0,-2,0,LDLC ASVEL VILLEURBANNE,MACCABI RAPYD TEL AVIV
6,1,2026-09-24 18:45:00,FALSE,P015161,1,1,ASV,1,"FODZO DADA, MARC-OWEN",Marc-Owen Fodzo Dada,21:32,14,2,3,2,2,4,9,0,1,1,5,2,4,1,0,2,6,17,1,LDLC ASVEL VILLEURBANNE,MACCABI RAPYD TEL AVIV
6,1,2026-09-24 18:45:00,FALSE,P015163,1,1,ASV,8,"MILLS, PATTY",Patty Mills,23:49,15,1,2,3,6,4,4,0,1,1,3,0,2,0,0,0,5,18,7,LDLC ASVEL VILLEURBANNE,MACCABI RAPYD TEL AVIV
6,1,2026-09-24 18:45:00,FALSE,P012618,0,0,ASV,10,"MASSA, BODIAN",Bodian Massa,14:19,0,0,0,0,0,0,0,0,1,1,0,0,1,0,0,2,1,-1,4,LDLC ASVEL VILLEURBANNE,MACCABI RAPYD TEL AVIV
6,1,2026-09-24 18:45:00,FALSE,P013900,1,0,ASV,14,"GACH, BOTH",Both Gach,17:06,5,1,3,1,1,0,0,0,0,0,1,0,1,0,0,2,1,2,-11,LDLC ASVEL VILLEURBANNE,MACCABI RAPYD TEL AVIV
6,1,2026-09-24 18:45:00,FALSE,P009035,1,1,ASV,21,"BOLOMBOY, JOEL",Joel Bolomboy,25:41,2,1,2,0,0,0,0,1,5,6,0,3,2,0,0,3,0,5,6,LDLC ASVEL VILLEURBANNE,MACCABI RAPYD TEL AVIV
6,1,2026-09-24 18:45:00,FALSE,P003526,0,1,ASV,23,"LIGHTY, DAVID",David Lighty,15:52,10,1,2,2,3,2,2,0,0,0,1,0,0,0,0,0,2,11,8,LDLC ASVEL VILLEURBANNE,MACCABI RAPYD TEL AVIV
6,1,2026-09-24 18:45:00,FALSE,P015164,0,0,ASV,25,"BESSON, HUGO",Hugo Besson,17:01,8,1,3,2,6,0,0,0,3,3,4,0,2,1,0,3,2,7,20,LDLC ASVEL VILLEURBANNE,MACCABI RAPYD TEL AVIV
6,1,2026-09-24 18:45:00,FALSE,P006832,0,0,ASV,35,"PONS, YVES",Yves Pons,11:48,9,1,1,2,3,1,1,2,0,2,0,1,0,0,0,1,1,11,10,LDLC ASVEL VILLEURBANNE,MACCABI RAPYD TEL AVIV
6,1,2026-09-24 18:45:00,FALSE,P015165,0,0,ASV,51,"WATERS, TREMONT",Tremont Waters,15:37,2,1,2,0,5,0,0,0,1,1,1,1,1,0,0,3,2,-3,5,LDLC ASVEL VILLEURBANNE,MACCABI RAPYD TEL AVIV
6,1,2026-09-24 18:45:00,FALSE,P011980,0,0,ASV,77,"SESTINA, NATHAN",Nathan Sestina,03:20,0,0,0,0,1,0,0,0,2,2,0,0,0,0,0,2,1,0,3,LDLC ASVEL VILLEURBANNE,MACCABI RAPYD TEL AVIV
6,1,2026-09-24 18:45:00,FALSE,P015166,1,1,ASV,99,"CROWDER, JAE",Jae Crowder,24:52,19,2,5,4,5,3,4,0,4,4,4,1,1,1,0,2,4,25,-3,LDLC ASVEL VILLEURBANNE,MACCABI RAPYD TEL AVIV
6,1,2026-09-24 18:45:00,FALSE,P010781,1,0,TEL,0,"LUNDBERG, IFFE",Iffe Lundberg,22:05,5,0,3,1,3,2,2,1,1,2,2,0,2,0,1,5,1,-3,0,MACCABI RAPYD TEL AVIV,LDLC ASVEL VILLEURBANNE
6,1,2026-09-24 18:45:00,FALSE,P006835,1,1,TEL,1,"HOARD, JAYLEN",Jaylen Hoard,28:33,15,6,7,1,4,0,0,2,4,6,0,3,1,0,0,3,4,20,-10,MACCABI RAPYD TEL AVIV,LDLC ASVEL VILLEURBANNE
6,1,2026-09-24 18:45:00,FALSE,P013699,0,0,TEL,2,"CLARK III, JIMMY",Jimmy Clark III,13:32,9,3,5,1,3,0,0,1,3,4,6,0,3,0,0,5,0,7,-1,MACCABI RAPYD TEL AVIV,LDLC ASVEL VILLEURBANNE
6,1,2026-09-24 18:45:00,FALSE,P014015,0,0,TEL,5,"BACOT JR., ARMANDO",Armando Bacot Jr.,03:17,0,0,0,0,0,0,0,0,0,0,1,0,0,0,0,0,0,1,-10,MACCABI RAPYD TEL AVIV,LDLC ASVEL VILLEURBANNE
6,1,2026-09-24 18:45:00,FALSE,P011219,1,1,TEL,9,"SORKIN, ROMAN",Roman Sorkin,24:10,13,5,7,1,2,0,1,2,3,5,2,1,1,0,1,1,2,16,4,MACCABI RAPYD TEL AVIV,LDLC ASVEL VILLEURBANNE
6,1,2026-09-24 18:45:00,FALSE,P014127,0,1,TEL,10,"BRISSETT, O'SHAE J",O'Shae J Brissett,26:04,8,3,5,0,6,2,2,0,7,7,0,2,0,0,0,1,2,10,1,MACCABI RAPYD TEL AVIV,LDLC ASVEL VILLEURBANNE
6,1,2026-09-24 18:45:00,FALSE,P013381,0,1,TEL,11,"RAYMAN, WILLIAM",William Rayman,10:57,0,0,1,0,0,0,0,1,0,1,0,1,0,0,0,2,2,1,-2,MACCABI RAPYD TEL AVIV,LDLC ASVEL VILLEURBANNE
6,1,2026-09-24 18:45:00,FALSE,P007990,0,0,TEL,12,"DIBARTOLOMEO, JOHN",John Dibartolomeo,07:34,0,0,0,0,1,0,0,0,0,0,0,0,1,0,0,1,0,-3,-8,MACCABI RAPYD TEL AVIV,LDLC ASVEL VILLEURBANNE
6,1,2026-09-24 18:45:00,FALSE,P015085,0,0,TEL,17,"WALLACE, KEATON",Keaton Wallace,12:14,2,1,2,0,2,0,0,0,2,2,0,2,2,0,0,4,0,-3,-17,MACCABI RAPYD TEL AVIV,LDLC ASVEL VILLEURBANNE
6,1,2026-09-24 18:45:00,FALSE,P004132,0,0,TEL,23,"THEIS, DANIEL",Daniel Theis,16:49,9,2,2,0,1,5,6,1,2,3,0,1,4,0,0,2,4,9,-3,MACCABI RAPYD TEL AVIV,LDLC ASVEL VILLEURBANNE
6,1,2026-09-24 18:45:00,FALSE,P011052,1,1,TEL,26,"MADAR, YAM",Yam Madar,25:58,13,1,2,3,6,2,4,0,3,3,8,0,4,0,1,1,4,16,7,MACCABI RAPYD TEL AVIV,LDLC ASVEL VILLEURBANNE
6,1,2026-09-24 18:45:00,FALSE,P009783,1,0,TEL,50,"COLSON, BONZIE",Bonzie Colson,08:47,0,0,0,0,1,0,0,0,1,1,0,0,0,0,0,0,1,1,-11,MACCABI RAPYD TEL AVIV,LDLC ASVEL VILLEURBANNE
8,1,2026-09-25 17:00:00,FALSE,P013285,0,1,BES,1,"DOTSON, DEVON",Devon Dotson,22:07,9,1,1,1,2,4,6,0,0,0,4,0,1,0,0,3,6,12,-6,BESIKTAS ISTANBUL,VALENCIA BASKET
8,1,2026-09-25 17:00:00,FALSE,P014785,1,0,BES,2,"JEFFRIES, DAQUAN",Daquan Jeffries,05:27,0,0,0,0,1,0,0,0,0,0,1,0,1,1,0,3,0,-3,1,BESIKTAS ISTANBUL,VALENCIA BASKET
8,1,2026-09-25 17:00:00,FALSE,P013250,1,0,BES,5,"DEJULIUS, DAVID",David Dejulius,12:39,4,2,4,0,0,0,0,0,1,1,4,1,1,0,0,1,0,6,-11,BESIKTAS ISTANBUL,VALENCIA BASKET
8,1,2026-09-25 17:00:00,FALSE,P003783,0,0,BES,6,"UGURLU, BERK",Berk Ugurlu,05:14,3,0,0,1,1,0,0,0,0,0,2,0,0,0,0,0,1,6,15,BESIKTAS ISTANBUL,VALENCIA BASKET
8,1,2026-09-25 17:00:00,FALSE,P009680,0,1,BES,9,"MORGAN, CONOR",Conor Morgan,20:13,15,0,1,5,6,0,0,0,2,2,1,0,2,1,0,3,0,12,-5,BESIKTAS ISTANBUL,VALENCIA BASKET
8,1,2026-09-25 17:00:00,FALSE,P003091,0,0,BES,11,"BIRSEN, METECAN",Metecan Birsen,DNP,0,0,0,0,0,0,0,0,0,0,0,0,0,0,0,0,0,0,0,BESIKTAS ISTANBUL,VALENCIA BASKET
8,1,2026-09-25 17:00:00,FALSE,P006661,0,1,BES,12,"WILBEKIN, SCOTTIE",Scottie Wilbekin,24:10,12,3,6,2,6,0,1,0,1,1,5,1,0,0,0,2,4,13,-3,BESIKTAS ISTANBUL,VALENCIA BASKET
8,1,2026-09-25 17:00:00,FALSE,P014207,1,1,BES,20,"OMORUYI, EUGENE",Eugene Omoruyi,26:16,17,4,5,1,6,6,8,0,4,4,3,1,4,0,0,4,6,15,3,BESIKTAS ISTANBUL,VALENCIA BASKET
8,1,2026-09-25 17:00:00,FALSE,P009025,0,0,BES,21,"BROWN, ANTHONY",Anthony Brown,24:52,7,2,3,1,5,0,0,1,2,3,1,1,2,0,0,3,1,3,5,BESIKTAS ISTANBUL,VALENCIA BASKET
8,1,2026-09-25 17:00:00,FALSE,P014786,1,1,BES,24,"NOWELL, JAYLEN",Jaylen Nowell,28:14,17,4,8,2,4,3,3,0,4,4,2,0,2,0,0,4,2,13,-3,BESIKTAS ISTANBUL,VALENCIA BASKET
8,1,2026-09-25 17:00:00,FALSE,P013383,0,0,BES,32,"GABRIEL, WENYEN",Wenyen Gabriel,15:00,6,2,2,0,0,2,2,0,2,2,0,0,0,1,0,3,1,7,10,BESIKTAS ISTANBUL,VALENCIA BASKET
8,1,2026-09-25 17:00:00,FALSE,P004554,1,0,BES,41,"ZIZIC, ANTE",Ante Zizic,15:48,4,1,1,0,0,2,3,4,3,7,0,1,0,0,0,0,3,14,-16,BESIKTAS ISTANBUL,VALENCIA BASKET
8,1,2026-09-25 17:00:00,FALSE,P012608,1,1,PAM,0,"SHORTS, TJ",Tj Shorts,23:33,26,9,17,2,3,2,2,0,1,1,2,1,2,0,1,3,5,20,8,VALENCIA BASKET,BESIKTAS ISTANBUL
8,1,2026-09-25 17:00:00,FALSE,P011217,1,1,PAM,1,"TAYLOR, KAMERON",Kameron Taylor,23:37,12,3,5,1,1,3,5,1,6,7,2,0,1,0,0,3,4,17,10,VALENCIA BASKET,BESIKTAS ISTANBUL
8,1,2026-09-25 17:00:00,FALSE,P006643,0,0,PAM,2,"PUERTO, JOSEP",Josep Puerto,11:19,0,0,0,0,0,0,0,0,1,1,1,0,1,0,0,0,0,1,-10,VALENCIA BASKET,BESIKTAS ISTANBUL
8,1,2026-09-25 17:00:00,FALSE,P012738,1,0,PAM,3,"REUVERS, NATHAN",Nathan Reuvers,21:05,5,1,3,1,2,0,0,3,0,3,0,1,2,0,0,2,1,3,-11,VALENCIA BASKET,BESIKTAS ISTANBUL
8,1,2026-09-25 17:00:00,FALSE,P011706,1,0,PAM,5,"SAINT-SUPERY, MARIO",Mario Saint-Supery,16:26,7,1,2,1,2,2,2,0,1,1,3,2,3,0,0,2,4,10,9,VALENCIA BASKET,BESIKTAS ISTANBUL
8,1,2026-09-25 17:00:00,FALSE,P014741,0,0,PAM,7,"CARDENAS, ALVARO",Alvaro Cardenas,09:39,0,0,0,0,1,0,0,0,0,0,3,0,1,0,0,1,1,1,0,VALENCIA BASKET,BESIKTAS ISTANBUL
8,1,2026-09-25 17:00:00,FALSE,P010581,1,1,PAM,8,"OSETKOWSKI, DYLAN",Dylan Osetkowski,17:44,1,0,1,0,1,1,1,1,4,5,0,1,0,0,0,3,0,2,13,VALENCIA BASKET,BESIKTAS ISTANBUL
8,1,2026-09-25 17:00:00,FALSE,P014115,0,0,PAM,10,"MOORE, OMARI",Omari Moore,12:50,2,1,5,0,1,0,0,3,2,5,2,0,0,0,0,1,0,3,-9,VALENCIA BASKET,BESIKTAS ISTANBUL
8,1,2026-09-25 17:00:00,FALSE,P013384,0,1,PAM,12,"BROOKS, ARMONI",Armoni Brooks,23:22,10,2,5,2,6,0,0,1,4,5,3,0,2,0,1,1,0,7,-8,VALENCIA BASKET,BESIKTAS ISTANBUL
8,1,2026-09-25 17:00:00,FALSE,P010545,0,0,PAM,13,"SAKO, NEAL",Neal Sako,11:23,10,4,4,0,0,2,2,0,2,2,2,0,0,0,0,4,3,13,2,VALENCIA BASKET,BESIKTAS ISTANBUL
8,1,2026-09-25 17:00:00,FALSE,P000796,0,0,PAM,33,"MIROTIC, NIKOLA",Nikola Mirotic,13:45,13,2,3,1,3,6,6,1,2,3,0,1,0,0,0,2,5,17,2,VALENCIA BASKET,BESIKTAS ISTANBUL
8,1,2026-09-25 17:00:00,FALSE,P011214,0,1,PAM,41,"RIVERO, JASIEL",Jasiel Rivero,15:17,10,2,4,1,1,3,3,2,1,3,0,0,1,0,1,2,3,10,4,VALENCIA BASKET,BESIKTAS ISTANBUL
9,1,2026-09-25 17:45:00,FALSE,P009863,0,0,ULK,2,"BALDWIN IV, WADE",Wade Baldwin IV,23:16,12,3,4,0,4,6,8,0,4,4,6,0,4,0,0,2,4,13,14,FENERBAHCE TARFIN ISTANBUL,VIRTUS BOLOGNA
9,1,2026-09-25 17:45:00,FALSE,P002849,0,1,ULK,4,"MELLI, NICOLO",Nicolo Melli,24:56,4,2,4,0,1,0,0,1,4,5,1,2,2,3,1,3,2,8,5,FENERBAHCE TARFIN ISTANBUL,VIRTUS BOLOGNA
9,1,2026-09-25 17:45:00,FALSE,P002968,1,0,ULK,5,"SANLI, SERTAC",Sertac Sanli,10:01,5,0,0,1,3,2,2,0,3,3,0,0,0,0,0,3,1,4,4,FENERBAHCE TARFIN ISTANBUL,VIRTUS BOLOGNA
9,1,2026-09-25 17:45:00,FALSE,P014124,1,1,ULK,8,"HORTON TUCKER, TALEN",Talen Horton Tucker,22:56,13,1,4,2,3,5,5,0,3,3,1,1,2,0,0,3,6,15,6,FENERBAHCE TARFIN ISTANBUL,VIRTUS BOLOGNA
9,1,2026-09-25 17:45:00,FALSE,P014733,0,0,ULK,9,"JUZANG, JOHNNY",Johnny Juzang,DNP,0,0,0,0,0,0,0,0,0,0,0,0,0,0,0,0,0,0,0,FENERBAHCE TARFIN ISTANBUL,VIRTUS BOLOGNA
9,1,2026-09-25 17:45:00,FALSE,P013367,1,1,ULK,11,"FORREST, TRENT",Trent Forrest,25:19,4,2,4,0,3,0,0,3,2,5,3,1,1,0,0,1,1,7,12,FENERBAHCE TARFIN ISTANBUL,VIRTUS BOLOGNA
9,1,2026-09-25 17:45:00,FALSE,P014168,1,1,ULK,12,"KEY, BRAXTON",Braxton Key,24:48,11,4,5,0,0,3,6,3,7,10,3,1,1,0,0,1,3,22,2,FENERBAHCE TARFIN ISTANBUL,VIRTUS BOLOGNA
9,1,2026-09-25 17:45:00,FALSE,P007929,0,0,ULK,17,"BITIM, ONURALP",Onuralp Bitim,DNP,0,0,0,0,0,0,0,0,0,0,0,0,0,0,0,0,0,0,0,FENERBAHCE TARFIN ISTANBUL,VIRTUS BOLOGNA
9,1,2026-09-25 17:45:00,FALSE,P004888,0,0,ULK,21,"CLYBURN, WILL",Will Clyburn,19:06,8,2,5,0,3,4,4,0,3,3,1,2,0,0,1,0,3,10,7,FENERBAHCE TARFIN ISTANBUL,VIRTUS BOLOGNA
9,1,2026-09-25 17:45:00,FALSE,P014220,0,0,ULK,30,"SILVA, CHRIS",Chris Silva,06:30,3,1,1,0,0,1,2,1,1,2,0,0,2,0,0,3,1,0,1,FENERBAHCE TARFIN ISTANBUL,VIRTUS BOLOGNA
9,1,2026-09-25 17:45:00,FALSE,P007831,1,1,ULK,31,"SHIELDS, SHAVON",Shavon Shields,26:49,12,4,6,0,2,4,5,0,2,2,3,1,0,0,0,2,3,14,-7,FENERBAHCE TARFIN ISTANBUL,VIRTUS BOLOGNA
9,1,2026-09-25 17:45:00,FALSE,P006896,0,0,ULK,43,"SARGIUNAS, IGNAS",Ignas Sargiunas,16:19,6,2,2,0,2,2,2,0,1,1,0,0,1,0,0,1,1,4,6,FENERBAHCE TARFIN ISTANBUL,VIRTUS BOLOGNA
9,1,2026-09-25 17:45:00,FALSE,P014802,0,0,VIR,0,"BELLO, RASHEED",Rasheed Bello,12:43,6,3,6,0,3,0,0,0,1,1,0,1,3,0,1,4,2,-4,-6,VIRTUS BOLOGNA,FENERBAHCE TARFIN ISTANBUL
9,1,2026-09-25 17:45:00,FALSE,P015029,0,1,VIR,1,"FRAZIER, TRENT",Trent Frazier,17:20,8,2,5,0,7,4,4,0,2,2,3,0,3,0,1,1,4,2,-10,VIRTUS BOLOGNA,FENERBAHCE TARFIN ISTANBUL
9,1,2026-09-25 17:45:00,FALSE,P012707,1,1,VIR,2,"CARR, MARCUS",Marcus Carr,20:00,12,4,9,1,4,1,2,0,0,0,4,0,2,0,1,3,3,4,3,VIRTUS BOLOGNA,FENERBAHCE TARFIN ISTANBUL
9,1,2026-09-25 17:45:00,FALSE,P014737,1,1,VIR,8,"MOORE, WENDELL",Wendell Moore,25:46,9,3,4,1,5,0,0,1,6,7,1,0,0,0,0,2,1,11,-1,VIRTUS BOLOGNA,FENERBAHCE TARFIN ISTANBUL
9,1,2026-09-25 17:45:00,FALSE,P014416,0,1,VIR,9,"EDWARDS, KESSLER",Kessler Edwards,23:54,2,1,1,0,0,0,0,1,6,7,1,0,0,1,0,1,2,12,-18,VIRTUS BOLOGNA,FENERBAHCE TARFIN ISTANBUL
9,1,2026-09-25 17:45:00,FALSE,P006707,0,0,VIR,11,"BALDASSO, TOMMASO",Tommaso Baldasso,DNP,0,0,0,0,0,0,0,0,0,0,0,0,0,0,0,0,0,0,0,VIRTUS BOLOGNA,FENERBAHCE TARFIN ISTANBUL
9,1,2026-09-25 17:45:00,FALSE,P014005,1,1,VIR,21,"ALSTON JR., DERRICK",Derrick Alston Jr.,25:53,10,2,5,2,5,0,0,0,2,2,1,0,1,0,0,3,1,4,-11,VIRTUS BOLOGNA,FENERBAHCE TARFIN ISTANBUL
9,1,2026-09-25 17:45:00,FALSE,P001844,0,0,VIR,23,"HACKETT, DANIEL",Daniel Hackett,15:05,0,0,0,0,1,0,0,1,3,4,1,0,1,0,0,2,0,1,-10,VIRTUS BOLOGNA,FENERBAHCE TARFIN ISTANBUL
9,1,2026-09-25 17:45:00,FALSE,P014219,0,0,VIR,24,"FERRARI, FRANCESCO",Francesco Ferrari,03:58,2,1,1,0,0,0,0,1,0,1,0,0,0,0,0,0,0,3,5,VIRTUS BOLOGNA,FENERBAHCE TARFIN ISTANBUL
9,1,2026-09-25 17:45:00,FALSE,P014108,1,0,VIR,31,"DIARRA, ALIOU",Aliou Diarra,21:44,8,3,5,0,0,2,2,0,1,1,1,0,0,1,0,1,2,10,7,VIRTUS BOLOGNA,FENERBAHCE TARFIN ISTANBUL
9,1,2026-09-25 17:45:00,FALSE,P014738,1,0,VIR,34,"KLINTMAN, BO",Bo Klintman,21:00,4,2,2,0,1,0,0,1,3,4,2,0,1,0,0,5,0,3,6,VIRTUS BOLOGNA,FENERBAHCE TARFIN ISTANBUL
9,1,2026-09-25 17:45:00,FALSE,P013374,0,0,VIR,35,"DIOUF, MOUHAMET",Mouhamet Diouf,12:37,7,1,2,0,0,5,6,2,1,3,0,1,1,0,0,3,4,9,-15,VIRTUS BOLOGNA,FENERBAHCE TARFIN ISTANBUL
10,1,2026-09-25 18:45:00,FALSE,P011924,0,0,PAR,0,"ALLMAN, KYLE",Kyle Allman,16:10,8,4,5,0,1,0,1,0,2,2,1,0,1,0,0,2,1,6,10,PARTIZAN MOZZART BET BELGRADE,ARMANI OLIMPIA MILAN
10,1,2026-09-25 18:45:00,FALSE,P013369,1,1,PAR,1,"JONES, CARLIK",Carlik Jones,26:52,20,2,5,4,6,4,4,2,2,4,10,0,0,0,0,1,5,33,9,PARTIZAN MOZZART BET BELGRADE,ARMANI OLIMPIA MILAN
10,1,2026-09-25 18:45:00,FALSE,P007947,0,0,PAR,3,"VILDOZA, LUCA",Luca Vildoza,17:16,7,0,0,2,5,1,2,0,1,1,3,4,2,0,0,2,2,9,11,PARTIZAN MOZZART BET BELGRADE,ARMANI OLIMPIA MILAN
10,1,2026-09-25 18:45:00,FALSE,P014742,1,0,PAR,5,"THOMPSON, ETHAN",Ethan Thompson,11:36,5,1,2,1,3,0,0,1,0,1,0,0,1,0,0,3,0,-1,3,PARTIZAN MOZZART BET BELGRADE,ARMANI OLIMPIA MILAN
10,1,2026-09-25 18:45:00,FALSE,P007632,0,0,PAR,7,"NAKIC, MARIO",Mario Nakic,DNP,0,0,0,0,0,0,0,0,0,0,0,0,0,0,0,0,0,0,0,PARTIZAN MOZZART BET BELGRADE,ARMANI OLIMPIA MILAN
10,1,2026-09-25 18:45:00,FALSE,P005637,0,0,PAR,10,"TANASKOVIC, NIKOLA",Nikola Tanaskovic,23:02,7,3,6,0,0,1,2,4,2,6,0,1,0,0,1,1,1,9,9,PARTIZAN MOZZART BET BELGRADE,ARMANI OLIMPIA MILAN
10,1,2026-09-25 18:45:00,FALSE,P014009,1,1,PAR,11,"STEVENS, LAMAR",Lamar Stevens,23:33,11,5,9,0,1,1,1,0,5,5,0,2,0,0,0,0,1,14,4,PARTIZAN MOZZART BET BELGRADE,ARMANI OLIMPIA MILAN
10,1,2026-09-25 18:45:00,FALSE,P010390,1,1,PAR,13,"HAYES, KEVARRIUS",Kevarrius Hayes,16:38,10,5,6,0,0,0,0,1,2,3,1,0,0,2,0,4,1,12,13,PARTIZAN MOZZART BET BELGRADE,ARMANI OLIMPIA MILAN
10,1,2026-09-25 18:45:00,FALSE,P007736,0,1,PAR,19,"LAKIC, ARIJAN",Arijan Lakic,20:55,7,0,0,2,4,1,2,0,1,1,0,0,1,0,0,3,2,3,8,PARTIZAN MOZZART BET BELGRADE,ARMANI OLIMPIA MILAN
10,1,2026-09-25 18:45:00,FALSE,P009733,0,0,PAR,23,"JEKIRI, TONYE",Tonye Jekiri,20:18,7,2,3,0,0,3,4,0,1,1,3,3,2,1,0,1,4,14,3,PARTIZAN MOZZART BET BELGRADE,ARMANI OLIMPIA MILAN
10,1,2026-09-25 18:45:00,FALSE,P009664,1,0,PAR,35,"WILLIS, DEREK",Derek Willis,03:09,3,0,0,1,1,0,0,0,1,1,0,0,0,1,0,0,0,5,4,PARTIZAN MOZZART BET BELGRADE,ARMANI OLIMPIA MILAN
10,1,2026-09-25 18:45:00,FALSE,P006739,0,1,PAR,66,"PAJOLA, ALESSANDRO",Alessandro Pajola,20:31,7,1,2,1,3,2,2,0,4,4,3,2,2,0,0,1,3,13,6,PARTIZAN MOZZART BET BELGRADE,ARMANI OLIMPIA MILAN
10,1,2026-09-25 18:45:00,FALSE,P014782,0,1,MIL,0,"BURNELL, JASON",Jason Burnell,11:54,3,0,1,1,2,0,0,0,1,1,1,1,0,0,0,4,0,0,-6,ARMANI OLIMPIA MILAN,PARTIZAN MOZZART BET BELGRADE
10,1,2026-09-25 18:45:00,FALSE,P013929,1,0,MIL,2,"COLE, RJ",Rj Cole,08:13,0,0,0,0,1,0,0,0,0,0,0,0,2,0,0,3,0,-6,-7,ARMANI OLIMPIA MILAN,PARTIZAN MOZZART BET BELGRADE
10,1,2026-09-25 18:45:00,FALSE,P012878,1,0,MIL,5,"WRIGHT, MOSES",Moses Wright,27:29,6,2,4,0,1,2,3,2,5,7,3,0,4,0,0,2,3,9,-7,ARMANI OLIMPIA MILAN,PARTIZAN MOZZART BET BELGRADE
10,1,2026-09-25 18:45:00,FALSE,P006509,0,0,MIL,7,"TONUT, STEFANO",Stefano Tonut,DNP,0,0,0,0,0,0,0,0,0,0,0,0,0,0,0,0,0,0,0,ARMANI OLIMPIA MILAN,PARTIZAN MOZZART BET BELGRADE
10,1,2026-09-25 18:45:00,FALSE,P008985,0,0,MIL,10,"BOLMARO, LEANDRO",Leandro Bolmaro,23:57,1,0,3,0,0,1,2,0,2,2,2,0,1,1,0,2,2,1,-9,ARMANI OLIMPIA MILAN,PARTIZAN MOZZART BET BELGRADE
10,1,2026-09-25 18:45:00,FALSE,P011078,0,1,MIL,13,"THOMPSON, DARIUS",Darius Thompson,21:23,7,3,4,0,2,1,1,0,0,0,2,1,2,0,0,3,1,3,-7,ARMANI OLIMPIA MILAN,PARTIZAN MOZZART BET BELGRADE
10,1,2026-09-25 18:45:00,FALSE,P001518,0,1,MIL,17,"RICCI, GIAMPAOLO",Giampaolo Ricci,05:57,3,0,0,1,1,0,0,0,2,2,0,0,0,0,0,0,1,6,-8,ARMANI OLIMPIA MILAN,PARTIZAN MOZZART BET BELGRADE
10,1,2026-09-25 18:45:00,FALSE,P005670,0,1,MIL,21,"FLACCADORI, DIEGO",Diego Flaccadori,03:22,0,0,0,0,0,0,0,0,0,0,0,0,1,0,0,0,0,-1,1,ARMANI OLIMPIA MILAN,PARTIZAN MOZZART BET BELGRADE
10,1,2026-09-25 18:45:00,FALSE,P011205,1,0,MIL,22,"HALL, DEVON",Devon Hall,27:52,13,2,5,3,6,0,0,1,4,5,3,0,1,0,1,0,3,16,-4,ARMANI OLIMPIA MILAN,PARTIZAN MOZZART BET BELGRADE
10,1,2026-09-25 18:45:00,FALSE,P004004,1,0,MIL,23,"GUDURIC, MARKO",Marko Guduric,29:20,17,4,7,3,6,0,0,0,3,3,5,0,2,0,1,1,0,15,-20,ARMANI OLIMPIA MILAN,PARTIZAN MOZZART BET BELGRADE
10,1,2026-09-25 18:45:00,FALSE,P008829,1,1,MIL,25,"PETERS, ALEC",Alec Peters,30:10,17,3,5,2,2,5,5,1,1,2,1,0,1,0,2,2,8,21,-3,ARMANI OLIMPIA MILAN,PARTIZAN MOZZART BET BELGRADE
10,1,2026-09-25 18:45:00,FALSE,P007056,0,0,MIL,31,"BOOKER, DEVIN",Devin Booker,10:23,9,3,5,1,2,0,0,1,2,3,0,0,1,0,0,2,0,6,-10,ARMANI OLIMPIA MILAN,PARTIZAN MOZZART BET BELGRADE
